"brand","model","processor_brand","processor_name","processor_gnrtn","ram_gb","ram_type","ssd","hdd","os","os_bit","graphic_card_gb","weight","display_size","warranty","Touchscreen","msoffice","latest_price","old_price","discount","star_rating","ratings","reviews"
"Lenovo","A6-9225","AMD","A6-9225 Processor","10th","4 GB GB","DDR4","0 GB","1024 GB","Windows","64-bit",0,"ThinNlight","Missing",0,"No","No",249.9,327.9,23,3.7,63,12
"Lenovo","Ideapad","AMD","APU Dual","10th","4 GB GB","DDR4","0 GB","512 GB","Windows","64-bit",0,"Casual","Missing",0,"No","No",195.9,213.25,8,3.6,1894,256
"Avita","PURA","AMD","APU Dual","10th","4 GB GB","DDR4","128 GB","0 GB","Windows","64-bit",0,"ThinNlight","Missing",0,"No","No",199.9,279.9,28,3.7,1153,159
"Avita","PURA","AMD","APU Dual","10th","4 GB GB","DDR4","128 GB","0 GB","Windows","64-bit",0,"ThinNlight","Missing",0,"No","No",214.9,279.9,23,3.7,1153,159
"Avita","PURA","AMD","APU Dual","10th","4 GB GB","DDR4","256 GB","0 GB","Windows","64-bit",0,"ThinNlight","Missing",0,"No","No",249.9,334.9,25,3.7,1657,234
"Avita","PURA","AMD","APU Dual","10th","8 GB GB","DDR4","256 GB","0 GB","Windows","64-bit",0,"ThinNlight","14",0,"No","No",249.9,334.9,25,3.7,1657,234
"HP","APU","AMD","APU Dual","10th","4 GB GB","DDR4","0 GB","1024 GB","Windows","32-bit",0,"Casual","14",0,"No","No",209,228.25,8,3.9,1185,141
"acer","Aspire","AMD","Athlon Dual","10th","4 GB GB","DDR4","256 GB","0 GB","Windows","64-bit",0,"Casual","Missing",1,"No","No",319.9,369.9,13,4.2,76,13
"Lenovo","Missing","Intel","Core i3","10th","4 GB GB","DDR4","0 GB","1024 GB","Windows","64-bit",0,"Casual","Missing",0,"No","No",389.99,427.05,8,3.8,65,5
"Lenovo","v15","Intel","Core i3","10th","4 GB GB","DDR4","0 GB","1024 GB","Windows","64-bit",0,"Casual","15.6",0,"No","No",399.99,439.99,9,3.1,8,1
"ASUS","EeeBook","Intel","Celeron Dual","Missing","4 GB GB","DDR4","0 GB","512 GB","Windows","32-bit",0,"Casual","Missing",0,"No","No",219.9,259.9,15,3.5,31,3
"acer","Aspire","AMD","Ryzen","10th","4 GB GB","DDR4","0 GB","512 GB","Windows","32-bit",4,"Casual","Missing",0,"No","No",549.9,890,38,4.5,3190,414
"acer","Nitro","AMD","Ryzen 5","10th","4 GB GB","DDR4","0 GB","512 GB","Windows","32-bit",4,"Casual","Missing",0,"No","No",599.9,999.99,40,4.5,1946,240
"acer","Nitro","AMD","Ryzen 5","10th","4 GB GB","DDR4","0 GB","512 GB","Windows","32-bit",6,"Casual","Missing",0,"No","No",937,1390,32,4.5,259,47
"acer","Nitro","AMD","Ryzen 5","10th","4 GB GB","DDR4","0 GB","512 GB","Windows","32-bit",4,"Casual","Missing",0,"No","No",729.9,999.99,27,4.5,425,67
"Avita","Cosmos","Intel","Celeron Dual","Missing","4 GB GB","DDR4","0 GB","512 GB","Windows","64-bit",0,"Casual","Missing",0,"No","No",174.9,234.9,25,3.6,1120,196
"Lenovo","IdeaPad","Intel","Celeron Dual","Missing","4 GB GB","DDR4","256 GB","0 GB","Windows","64-bit",0,"ThinNlight","14",0,"No","No",319.99,389.99,17,4,286,19
"HP","Celeron","Intel","Celeron Dual","Missing","8 GB GB","DDR4","256 GB","0 GB","Windows","64-bit",0,"ThinNlight","14",0,"No","No",324.9,392.88,17,4,58,6
"ASUS","Celeron","Intel","Celeron Dual","Missing","4 GB GB","DDR4","0 GB","1024 GB","Windows","64-bit",0,"Casual","15.6",1,"No","No",239.9,269.9,11,3.8,15279,1947
"ASUS","Missing","Intel","Core i3","11th","4 GB GB","DDR4","256 GB","0 GB","Windows","64-bit",0,"ThinNlight","14",0,"No","No",344.29,499.9,31,4.1,37,6
"Lenovo","IdeaPad","Intel","Core i3","10th","8 GB GB","DDR4","256 GB","0 GB","Windows","32-bit",0,"ThinNlight","15.6",2,"No","Yes",379.9,579.9,34,4.3,2080,235
"ASUS","VivoBook","Intel","Core i3","11th","4 GB GB","DDR4","256 GB","0 GB","Windows","32-bit",0,"Casual","15.6",1,"No","Yes",359.9,499.9,28,4.3,1479,181
"ASUS","VivoBook","Intel","Core i3","10th","8 GB GB","DDR4","256 GB","0 GB","Windows","64-bit",0,"ThinNlight","14",0,"No","No",339.8,469.9,27,4.4,67,3
"HP","Missing","Intel","Core i3","11th","8 GB GB","DDR4","256 GB","0 GB","Windows","64-bit",0,"ThinNlight","14",1,"No","Yes",399.9,500.85,20,4.2,273,30
"DELL","Vostro","Intel","Core i3","10th","8 GB GB","DDR4","256 GB","0 GB","Windows","64-bit",0,"ThinNlight","14",1,"No","Yes",394.9,433.12,8,4.3,1267,171
"RedmiBook","15","Intel","Core i3","11th","8 GB GB","DDR4","256 GB","0 GB","Windows","32-bit",0,"ThinNlight","15.6",1,"No","No",389.9,519.99,25,4.3,1063,152
"realme","Book","Intel","Core i3","11th","8 GB GB","DDR4","256 GB","0 GB","Windows","64-bit",0,"ThinNlight","14",1,"No","Yes",469.9,549.99,14,4.4,6352,1014
"ASUS","Missing","Intel","Core i3","11th","8 GB GB","DDR4","256 GB","0 GB","Windows","64-bit",0,"ThinNlight","15.6",1,"No","No",379.9,529.9,28,4.3,284,39
"ASUS","VivoBook","Intel","Core i3","11th","8 GB GB","DDR4","256 GB","0 GB","Windows","64-bit",0,"Casual","14",1,"No","Yes",378.9,519.9,27,4.6,44,5
"Lenovo","IdeaPad","Intel","Core i3","11th","8 GB GB","DDR4","256 GB","0 GB","Windows","64-bit",0,"ThinNlight","14",1,"No","No",389.9,608.9,35,4.2,33,4
"Lenovo","IdeaPad","Intel","Core i3","10th","8 GB GB","DDR4","256 GB","0 GB","Windows","64-bit",0,"ThinNlight","14",0,"No","No",379.9,579.9,34,4.2,286,36
"DELL","Vostro","Intel","Core i3","11th","8 GB GB","DDR4","256 GB","0 GB","Windows","64-bit",0,"ThinNlight","14.96",1,"No","Yes",419.9,545.1,22,3.6,10,5
"ASUS","VivoBook","Intel","Core i3","11th","8 GB GB","DDR4","256 GB","0 GB","Windows","64-bit",0,"Casual","15.6",1,"No","No",459.9,589.9,22,4.5,816,147
"Lenovo","IdeaPad","Intel","Core i3","11th","8 GB GB","DDR4","256 GB","0 GB","Windows","64-bit",0,"ThinNlight","15.6",1,"No","No",399.9,615.9,35,4.3,543,65
"DELL","Inspiron","Intel","Core i3","11th","8 GB GB","DDR4","256 GB","0 GB","Windows","64-bit",0,"ThinNlight","15.6",0,"No","No",424.9,596.54,28,4.8,9,1
"Infinix","INBook","Intel","Core i3","10th","8 GB GB","LPDDR4X","256 GB","0 GB","Windows","64-bit",0,"ThinNlight","14",0,"No","No",329.9,499.99,34,4.3,1221,265
"DELL","Vostro","Intel","Core i3","10th","4 GB GB","DDR4","256 GB","0 GB","Windows","64-bit",0,"ThinNlight","14",1,"No","Yes",369.9,406.14,8,4.3,1178,137
"Lenovo","Ideapad","Intel","Core i3","11th","8 GB GB","DDR4","256 GB","0 GB","Windows","64-bit",0,"Casual","14",1,"Yes","Yes",539.9,754.9,28,4.4,299,41
"ASUS","VivoBook","Intel","Core i3","11th","8 GB GB","DDR4","256 GB","0 GB","Windows","64-bit",0,"ThinNlight","14",0,"No","No",369.9,529.9,30,4.4,20,1
"Lenovo","IdeaPad","Intel","Core i3","10th","4 GB GB","DDR4","256 GB","0 GB","Windows","64-bit",0,"Casual","15.6",2,"No","No",389.4,482,19,4.3,758,64
"DELL","Inspiron","Intel","Core i3","10th","4 GB GB","DDR4","256 GB","0 GB","Windows","64-bit",0,"Casual","15",1,"No","Yes",394.9,554.9,28,4.4,634,64
"ASUS","VivoBook","Intel","Core i3","11th","8 GB GB","DDR4","256 GB","0 GB","Windows","64-bit",0,"Casual","15.6",1,"No","No",459.9,589.9,22,4.5,816,147
"DELL","Inspiron","Intel","Core i3","11th","8 GB GB","DDR4","256 GB","0 GB","Windows","64-bit",0,"ThinNlight","15.6",1,"No","No",429.9,567.76,24,4.3,17,2
"DELL","Inspiron","Intel","Core i3","11th","8 GB GB","DDR4","256 GB","0 GB","Windows","64-bit",0,"Casual","14",1,"Yes","No",499.9,686.58,27,4.2,24,5
"DELL","Vostro","Intel","Core i3","11th","8 GB GB","DDR4","256 GB","0 GB","Windows","64-bit",0,"ThinNlight","14",1,"No","Yes",414.9,554.48,25,4.3,1753,165
"DELL","Inspiron","Intel","Core i3","11th","8 GB GB","DDR4","256 GB","0 GB","Windows","64-bit",0,"ThinNlight","14.96",0,"No","No",419.9,576.7,27,4.2,216,21
"Lenovo","Ideapad","Intel","Core i3","11th","8 GB GB","DDR4","256 GB","0 GB","Windows","64-bit",0,"ThinNlight","14",1,"No","Yes",419.9,572.9,26,4.4,1084,160
"Infinix","INBook","Intel","Core i3","10th","8 GB GB","LPDDR4X","256 GB","0 GB","Windows","64-bit",0,"ThinNlight","14",0,"No","No",329.9,499.99,34,4.3,1221,265
"ASUS","VivoBook","Intel","Core i3","11th","8 GB GB","DDR4","256 GB","0 GB","Windows","64-bit",0,"Casual","15.6",1,"No","No",384.9,519.9,25,3.8,19,3
"Lenovo","Missing","Intel","Core i3","11th","4 GB GB","DDR4","256 GB","0 GB","Windows","64-bit",0,"ThinNlight","15",1,"No","Yes",389.9,515.44,24,4.4,106,13
"Lenovo","ThinkPad","Intel","Core i3","11th","4 GB GB","DDR4","256 GB","0 GB","Windows","64-bit",0,"Casual","15.6",1,"No","Yes",449.9,592.39,24,4.1,42,4
"HP","Missing","Intel","Core i3","11th","4 GB GB","DDR4","256 GB","0 GB","Windows","64-bit",0,"ThinNlight","Missing",1,"No","Yes",449,510,11,4.2,1029,107
"MSI","Missing","Intel","Core i3","10th","4 GB GB","DDR4","256 GB","0 GB","Windows","64-bit",0,"ThinNlight","Missing",0,"No","No",389.9,539,27,4.5,53,11
"Lenovo","Ideapad","Intel","Core i3","10th","4 GB GB","DDR4","256 GB","0 GB","Windows","64-bit",0,"Casual","Missing",1,"No","Yes",402,499.99,19,3.9,48,1
"realme","Book","Intel","Core i3","11th","4 GB GB","DDR4","256 GB","0 GB","Windows","64-bit",0,"ThinNlight","Missing",1,"No","Yes",479.99,549.99,12,4.4,6352,1014
"acer","Chromebook","Intel","Celeron Dual","Missing","4 GB GB","DDR4","0 GB","512 GB","Windows","32-bit",0,"Casual","Missing",0,"No","No",239.9,270,11,3.3,61,4
"DELL","Missing","Intel","Core i3","11th","4 GB GB","DDR4","256 GB","0 GB","Windows","64-bit",0,"Casual","Missing",0,"Yes","No",719.99,722.46,0,4.3,97,13
"ASUS","VivoBook","Intel","Core i3","11th","4 GB GB","DDR4","256 GB","0 GB","Windows","64-bit",0,"Casual","Missing",1,"No","No",399.9,529.9,24,4.4,181,19
"Lenovo","IdeaPad","Intel","Core i3","10th","4 GB GB","DDR4","256 GB","0 GB","Windows","64-bit",0,"Casual","Missing",1,"No","Yes",419.98,565.9,25,4.4,529,39
"Lenovo","Ideapad","Intel","Core i3","11th","4 GB GB","DDR4","256 GB","0 GB","Windows","64-bit",0,"Casual","Missing",0,"No","No",399.98,600.9,33,4.2,10,1
"HP","14s","Intel","Core i3","11th","4 GB GB","DDR4","256 GB","0 GB","Windows","64-bit",0,"ThinNlight","Missing",1,"No","Yes",424.9,458.92,7,4.4,5205,561
"HP","Missing","Intel","Core i3","11th","4 GB GB","DDR4","256 GB","0 GB","Windows","64-bit",0,"ThinNlight","Missing",1,"No","Yes",443.76,453.76,2,4.2,1090,96
"Lenovo","Missing","Intel","Core i3","10th","4 GB GB","DDR4","256 GB","0 GB","Windows","32-bit",0,"Casual","Missing",0,"No","No",409.9,489,16,5,1,1
"DELL","Inspiron","Intel","Core i3","10th","4 GB GB","DDR4","256 GB","0 GB","Windows","64-bit",0,"ThinNlight","Missing",1,"No","No",399.9,498.21,19,4,44,2
"ASUS","VivoBook","Intel","Core i3","11th","4 GB GB","DDR4","256 GB","0 GB","Windows","64-bit",0,"ThinNlight","Missing",1,"No","No",369.9,449.9,17,4.5,70,9
"ASUS","Chromebook","Intel","Celeron Dual","Missing","4 GB GB","LPDDR4","0 GB","512 GB","Windows","32-bit",0,"Casual","Missing",0,"No","No",234.9,299.9,21,4.2,632,92
"ASUS","VivoBook","Intel","Core i3","10th","8 GB GB","DDR4","512 GB","0 GB","Windows","64-bit",0,"Casual","15.6",1,"No","No",379.9,509.9,25,4.3,990,108
"HP","Missing","Intel","Core i3","11th","8 GB GB","DDR4","512 GB","0 GB","Windows","64-bit",0,"ThinNlight","15.6",1,"No","Yes",429.9,573.3,25,4.4,158,18
"HP","Missing","Intel","Core i3","11th","8 GB GB","DDR4","512 GB","0 GB","Windows","64-bit",0,"ThinNlight","15.6",1,"No","Yes",429.9,495.9,13,4.3,681,59
"ASUS","VivoBook","Intel","Core i3","10th","4 GB GB","DDR4","512 GB","0 GB","Windows","64-bit",0,"Casual","15.6",1,"No","No",359.9,499.9,28,4.4,130,12
"RedmiBook","15","Intel","Core i3","11th","8 GB GB","DDR4","512 GB","0 GB","Windows","32-bit",0,"ThinNlight","15.6",1,"No","No",429.9,559.99,23,4.3,1063,152
"ASUS","VivoBook","Intel","Core i3","11th","8 GB GB","DDR4","512 GB","0 GB","Windows","64-bit",0,"Casual","14",1,"No","No",429.9,579.9,25,4.3,30,4
"ASUS","VivoBook","Intel","Core i3","11th","8 GB GB","LPDDR4X","512 GB","0 GB","Windows","32-bit",0,"Casual","14",1,"Yes","Yes",519.9,679.9,23,4.7,6,2
"ASUS","VivoBook","Intel","Core i3","11th","8 GB GB","DDR4","512 GB","0 GB","Windows","64-bit",0,"Casual","15.6",1,"No","No",489.9,629.9,22,4.5,174,30
"ASUS","VivoBook","Intel","Core i3","11th","8 GB GB","DDR4","512 GB","0 GB","Windows","64-bit",0,"Casual","14",1,"No","No",429.9,579.9,25,4.5,40,7
"Lenovo","Missing","Intel","Core i3","10th","8 GB GB","DDR4","512 GB","0 GB","Windows","64-bit",0,"ThinNlight","15.6",1,"No","No",389.9,621.9,37,3.9,13,1
"DELL","Inspiron","Intel","Core i3","11th","8 GB GB","DDR4","512 GB","0 GB","Windows","64-bit",0,"ThinNlight","14.96",0,"No","No",459.9,609.08,24,4.3,184,29
"HP","Missing","Intel","Core i3","10th","8 GB GB","DDR4","512 GB","0 GB","Windows","64-bit",0,"ThinNlight","15.6",1,"No","Yes",424.9,502.94,15,4.3,1296,126
"HP","Missing","Intel","Core i3","11th","8 GB GB","DDR4","512 GB","0 GB","Windows","64-bit",0,"ThinNlight","15.6",1,"No","Yes",439.7,501.96,12,4.3,571,56
"ASUS","Missing","Intel","Core i3","10th","4 GB GB","DDR4","512 GB","0 GB","Windows","64-bit",0,"ThinNlight","15.6",1,"No","Yes",399.9,499.9,20,4.3,2551,297
"MSI","Missing","Intel","Core i3","11th","8 GB GB","DDR4","512 GB","0 GB","Windows","64-bit",0,"ThinNlight","14",0,"No","No",489.9,495.9,1,4.5,17,3
"HP","Pavilion","Intel","Core i3","11th","8 GB GB","DDR4","512 GB","0 GB","Windows","64-bit",0,"Casual","14",1,"No","Yes",549.9,692.67,20,4.5,35,3
"MSI","Missing","Intel","Core i3","10th","8 GB GB","DDR4","512 GB","0 GB","Windows","64-bit",0,"ThinNlight","14",0,"No","No",409.9,559.9,26,4.4,118,17
"Lenovo","IdeaPad","Intel","Core i3","11th","8 GB GB","DDR4","512 GB","0 GB","Windows","64-bit",0,"ThinNlight","14",1,"Yes","No",549.9,796.9,30,4.5,245,34
"ASUS","VivoBook","Intel","Core i3","11th","8 GB GB","DDR4","512 GB","0 GB","Windows","64-bit",0,"Casual","14",1,"No","Yes",449.9,463.9,3,4.4,2058,305
"HP","Missing","Intel","Core i3","11th","8 GB GB","DDR4","512 GB","0 GB","Windows","64-bit",0,"Casual","15.6",1,"No","No",412.5,466.02,11,4.1,117,11
"ASUS","VivoBook","Intel","Core i3","11th","8 GB GB","DDR4","512 GB","0 GB","Windows","64-bit",0,"Casual","14",1,"No","No",429.9,579.9,25,4.7,74,11
"DELL","Missing","Intel","Core i3","11th","8 GB GB","DDR4","512 GB","0 GB","Windows","64-bit",0,"Casual","14",1,"Yes","No",607.9,783.07,22,4.4,10,1
"HP","Missing","Intel","Core i3","11th","8 GB GB","DDR4","512 GB","0 GB","Windows","64-bit",0,"Casual","15.6",0,"No","No",456.5,552.02,17,4.1,39,4
"DELL","Vostro","Intel","Core i3","10th","8 GB GB","DDR4","512 GB","0 GB","Windows","64-bit",0,"ThinNlight","14",1,"No","Yes",419.9,498.26,15,3.9,29,7
"DELL","Inspiron","Intel","Core i3","10th","8 GB GB","DDR4","512 GB","0 GB","Windows","64-bit",0,"ThinNlight","15.6",1,"No","No",454.9,600.46,24,4.2,43,4
"Lenovo","IdeaPad","Intel","Core i3","11th","8 GB GB","DDR4","512 GB","0 GB","Windows","64-bit",0,"ThinNlight","15.6",2,"No","Yes",429.9,637.9,32,4.4,984,99
"HP","15s","Intel","Core i3","11th","4 GB GB","DDR4","512 GB","0 GB","Windows","64-bit",0,"ThinNlight","Missing",1,"No","Yes",454.9,469.9,3,4.3,523,66
"HP","Missing","Intel","Core i3","10th","4 GB GB","DDR4","512 GB","0 GB","Windows","32-bit",0,"Casual","Missing",0,"No","No",387.99,479.16,19,4.4,30,1
"HP","Missing","Intel","Core i3","11th","4 GB GB","DDR4","512 GB","0 GB","Windows","64-bit",0,"ThinNlight","Missing",1,"No","Yes",479.9,511.65,6,4.3,1605,215
"ASUS","VivoBook","Intel","Core i3","10th","4 GB GB","DDR4","512 GB","0 GB","Windows","64-bit",0,"Casual","Missing",1,"No","No",409.9,499.9,18,4.4,4008,519
"ASUS","Missing","Intel","Core i3","10th","4 GB GB","DDR4","512 GB","0 GB","Windows","64-bit",0,"ThinNlight","Missing",1,"No","Yes",429.9,509.9,15,4.4,1869,234
"ASUS","VivoBook","Intel","Core i3","10th","4 GB GB","DDR4","512 GB","0 GB","Windows","64-bit",0,"Casual","Missing",1,"No","No",414.9,499.9,17,4.4,4008,519
"HP","Missing","Intel","Core i3","11th","4 GB GB","DDR4","512 GB","0 GB","Windows","64-bit",0,"ThinNlight","Missing",1,"No","Yes",489,500,2,4.3,1278,135
"ASUS","VivoBook","Intel","Core i3","10th","4 GB GB","DDR4","512 GB","0 GB","Windows","64-bit",0,"Casual","Missing",1,"No","No",409.9,499.9,18,4.4,4008,519
"Lenovo","Ideapad","Intel","Core i3","11th","4 GB GB","DDR4","512 GB","0 GB","Windows","64-bit",0,"Casual","Missing",1,"Yes","Yes",579.99,850,31,3.4,10,2
"HP","Pavilion","Intel","Core i3","11th","8 GB GB","DDR4","512 GB","0 GB","Windows","64-bit",0,"Casual","14",1,"Yes","Yes",554.9,658.53,15,4.3,143,15
"ASUS","VivoBook","Intel","Core i3","10th","8 GB GB","DDR4","0 GB","1024 GB","Windows","64-bit",0,"Casual","14.1",1,"No","No",328.9,469.9,30,3.9,28,4
"Lenovo","IdeaPad","Intel","Core i3","10th","8 GB GB","DDR4","0 GB","1024 GB","Windows","64-bit",0,"ThinNlight","15.6",1,"No","Yes",359.9,572.9,37,4,2124,233
"DELL","Inspiron","Intel","Core i3","11th","8 GB GB","DDR4","0 GB","1024 GB","Windows","64-bit",0,"ThinNlight","15.6",0,"No","No",424.9,506.93,16,4,276,40
"DELL","Vostro","Intel","Core i3","11th","8 GB GB","DDR4","0 GB","1024 GB","Windows","64-bit",0,"ThinNlight","14",0,"No","No",421.9,447.8,5,3.9,250,21
"DELL","Vostro","Intel","Core i3","10th","8 GB GB","DDR4","0 GB","1024 GB","Windows","64-bit",0,"ThinNlight","14",1,"No","Yes",394.9,545.17,27,4,1917,189
"HP","15s","Intel","Core i3","11th","8 GB GB","DDR4","0 GB","1024 GB","Windows","64-bit",0,"ThinNlight","15.6",1,"No","Yes",436.9,489.33,10,4.1,4999,490
"ASUS","VivoBook","Intel","Core i3","10th","4 GB GB","DDR4","0 GB","1024 GB","Windows","64-bit",0,"ThinNlight","15.6",1,"No","No",349.9,409.9,14,3.7,4203,490
"DELL","Inspiron","Intel","Core i3","10th","4 GB GB","DDR4","0 GB","1024 GB","Windows","64-bit",0,"ThinNlight","Missing",1,"No","No",399.9,555.34,27,3.8,15,1
"DELL","INSPIRON","Intel","Core i3","10th","4 GB GB","DDR4","0 GB","1024 GB","Windows","32-bit",0,"Casual","Missing",0,"No","No",408.9,459.9,11,4,527,46
"Lenovo","Missing","Intel","Core i3","10th","4 GB GB","DDR4","0 GB","1024 GB","Windows","64-bit",0,"ThinNlight","Missing",1,"No","No",369.9,579.9,36,3.7,103,10
"HP","15s","Intel","Core i3","11th","4 GB GB","DDR4","0 GB","1024 GB","Windows","64-bit",0,"ThinNlight","Missing",1,"No","Yes",399.9,455.14,12,3.9,324,45
"HP","Missing","Intel","Core i3","11th","4 GB GB","DDR4","0 GB","1024 GB","Windows","64-bit",0,"ThinNlight","Missing",1,"No","Yes",419.9,472.64,11,4,69,5
"HP","Notebook","Intel","Core i3","11th","4 GB GB","DDR4","0 GB","1024 GB","Windows","64-bit",0,"ThinNlight","Missing",1,"No","No",397.9,432.96,8,3.9,40,3
"ASUS","Missing","Intel","Core i3","10th","4 GB GB","DDR4","0 GB","1024 GB","Windows","32-bit",0,"ThinNlight","Missing",0,"No","No",355.9,459.9,22,3.4,12,1
"HP","14s","Intel","Core i3","10th","4 GB GB","DDR4","0 GB","1024 GB","Windows","64-bit",0,"ThinNlight","Missing",1,"No","Yes",364.9,427.87,14,3.8,1146,175
"ASUS","VivoBook","Intel","Core i3","10th","4 GB GB","DDR4","0 GB","1024 GB","Windows","64-bit",0,"ThinNlight","Missing",1,"No","Yes",389.9,459.9,15,4,1850,216
"ASUS","Missing","Intel","Core i3","10th","4 GB GB","DDR4","0 GB","1024 GB","Windows","32-bit",0,"ThinNlight","Missing",0,"No","No",339.9,399.9,15,3.7,43,7
"DELL","Inspiron","Intel","Core i3","10th","4 GB GB","DDR4","0 GB","1024 GB","Windows","64-bit",0,"Casual","Missing",1,"No","Yes",434,490,11,4.1,231,26
"ASUS","Chromebook","Intel","Celeron Dual","Missing","4 GB GB","LPDDR4","0 GB","512 GB","Windows","32-bit",0,"Casual","Missing",0,"No","No",249.9,309.9,19,4.2,502,93
"HP","15s","Intel","Core i3","10th","4 GB GB","DDR4","0 GB","1024 GB","Windows","64-bit",0,"ThinNlight","Missing",1,"No","Yes",407.5,430.9,5,4.1,1096,116
"DELL","Inspiron","Intel","Core i3","10th","4 GB GB","DDR4","0 GB","1024 GB","Windows","64-bit",0,"ThinNlight","Missing",1,"No","Yes",430,466.29,7,4.1,313,35
"DELL","Inspiron","Intel","Core i3","11th","8 GB GB","DDR4","0 GB","1024 GB","Windows","64-bit",0,"ThinNlight","14.96",1,"No","Yes",379.9,514.93,26,3.7,265,46
"Lenovo","Missing","Intel","Core i3","10th","8 GB GB","DDR4","0 GB","1024 GB","Windows","32-bit",0,"Casual","15.6",0,"No","No",389.99,509.9,23,3.6,7,2
"ASUS","Chromebook","Intel","Celeron Dual","Missing","4 GB GB","LPDDR4","0 GB","512 GB","Windows","32-bit",0,"Casual","Missing",0,"No","No",214.9,259.9,17,3.9,818,113
"DELL","Insprion","Intel","Core i3","11th","8 GB GB","DDR4","0 GB","1024 GB","Windows","32-bit",0,"Casual","15.6",0,"No","No",414.8,489.9,15,3.8,25,4
"ASUS","VivoBook","Intel","Core i3","11th","8 GB GB","DDR4","0 GB","1024 GB","Windows","64-bit",0,"Casual","15.6",1,"No","No",386.8,519.9,25,3.2,17,1
"ASUS","Chromebook","Intel","Celeron Dual","Missing","4 GB GB","LPDDR4","0 GB","512 GB","Windows","32-bit",0,"Casual","Missing",0,"No","No",239.9,299.9,20,4.1,974,170
"DELL","Missing","Intel","Core i3","10th","8 GB GB","DDR4","0 GB","1024 GB","Windows","64-bit",0,"ThinNlight","14.96",0,"No","No",403.9,549.92,26,3.2,83,15
"ASUS","VivoBook","Intel","Core i3","10th","4 GB GB","DDR4","0 GB","1024 GB","Windows","64-bit",0,"ThinNlight","14.1",0,"No","No",339.9,399.9,15,3.4,31,6
"ASUS","Chromebook","Intel","Celeron Dual","Missing","4 GB GB","LPDDR4","0 GB","512 GB","Windows","32-bit",0,"Casual","Missing",0,"No","No",204.9,249.9,18,3.9,637,91
"DELL","Vostro","Intel","Core i3","10th","8 GB GB","DDR4","256 GB","1024 GB","Windows","64-bit",0,"ThinNlight","15.6",1,"No","Yes",414.9,547.82,24,5,7,5
"DELL","Inspiron","Intel","Core i3","11th","8 GB GB","DDR4","256 GB","1024 GB","Windows","64-bit",0,"Casual","15.6",0,"No","No",454.9,603.71,24,4.3,207,16
"DELL","Inspiron","Intel","Core i3","11th","8 GB GB","DDR4","256 GB","1024 GB","Windows","64-bit",0,"Casual","15.6",0,"No","No",444.9,574.79,22,4.3,844,103
"ASUS","VivoBook","Intel","Core i3","11th","8 GB GB","DDR4","256 GB","1024 GB","Windows","64-bit",0,"Casual","14.1",1,"No","Yes",418.9,579.9,27,4.2,53,6
"DELL","Vostro","Intel","Core i3","11th","4 GB GB","DDR4","256 GB","1024 GB","Windows","64-bit",0,"ThinNlight","14",1,"No","Yes",429.9,431.26,0,4.1,62,7
"acer","Travelmate","Intel","Core i3","11th","8 GB GB","DDR4","256 GB","1024 GB","Windows","64-bit",0,"Casual","14",0,"No","No",409.9,600,31,4.2,38,2
"DELL","Inspiron","Intel","Core i3","11th","8 GB GB","DDR4","256 GB","1024 GB","Windows","64-bit",0,"ThinNlight","15.6",1,"No","No",489.9,599.9,18,4.1,724,92
"DELL","Vostro","Intel","Core i3","10th","4 GB GB","DDR4","256 GB","1024 GB","Windows","64-bit",0,"ThinNlight","Missing",1,"No","Yes",413.9,519.76,20,4.2,56,7
"DELL","Vostro","Intel","Core i3","11th","4 GB GB","DDR4","256 GB","1024 GB","Windows","64-bit",0,"ThinNlight","Missing",1,"No","Yes",399.9,458.1,12,3.9,170,11
"DELL","Missing","Intel","Core i3","10th","8 GB GB","DDR4","256 GB","1024 GB","Windows","64-bit",0,"ThinNlight","15.6",0,"No","No",463.9,591.01,21,2.9,95,5
"ASUS","Chromebook","Intel","Celeron Dual","Missing","4 GB GB","LPDDR4","0 GB","512 GB","Windows","64-bit",0,"Casual","Missing",0,"No","No",189.9,229.9,17,3.6,197,25
"ASUS","Chromebook","Intel","Celeron Dual","Missing","4 GB GB","LPDDR4","0 GB","512 GB","Windows","32-bit",0,"Casual","Missing",0,"No","No",179.9,219.9,18,3.6,1180,148
"HP","14a","Intel","Celeron Dual","Missing","4 GB GB","DDR4","0 GB","512 GB","Windows","64-bit",0,"Casual","Missing",0,"No","No",264.7,315.32,16,3.6,232,23
"HP","Chromebook","Intel","Celeron Dual","Missing","4 GB GB","DDR4","0 GB","512 GB","Windows","64-bit",0,"Casual","Missing",0,"No","No",279.9,315.32,11,3.8,596,65
"Lenovo","Celeron","Intel","Celeron Dual","Missing","4 GB GB","DDR4","0 GB","1024 GB","Windows","32-bit",0,"Casual","15.6",0,"No","No",299.99,374,19,3.3,19,1
"Lenovo","IdeaPad","Intel","Celeron Dual","Missing","4 GB GB","LPDDR4X","0 GB","512 GB","Windows","64-bit",0,"Casual","Missing",0,"No","No",259.9,404.9,35,3.7,84,16
"Lenovo","IdeaPad","Intel","Celeron Dual","Missing","4 GB GB","LPDDR4","0 GB","512 GB","Windows","32-bit",0,"Casual","Missing",0,"No","No",169.9,248.4,31,3.4,414,54
"Lenovo","IdeaPad","Intel","Celeron Dual","Missing","4 GB GB","LPDDR4","0 GB","512 GB","Windows","32-bit",0,"Casual","Missing",0,"No","No",249.9,348.9,28,2.8,70,16
"acer","Predator","Intel","Core","Missing","4 GB GB","DDR4","0 GB","512 GB","Windows","32-bit",0,"Casual","Missing",0,"No","No",999.9,1499.99,33,4.5,1336,186
"acer","Aspire","Intel","Core i5","Missing","8 GB GB","DDR5","0 GB","512 GB","Windows","32-bit",4,"Casual","Missing",0,"No","No",509.9,899.99,43,4.4,10966,1185
"acer","Spin","Intel","Core i5","Missing","8 GB GB","LPDDR4","0 GB","512 GB","Windows","32-bit",0,"Casual","Missing",1,"No","No",1199.9,1249,3,4,1,1
"acer","Swift","Intel","Core i5","10th","8 GB GB","LPDDR4","0 GB","512 GB","DOS","32-bit",0,"Casual","Missing",0,"No","No",941.9,1249.99,24,4.3,31,6
"ASUS","ROG","Intel","Core i5","10th","8 GB GB","LPDDR4","0 GB","512 GB","DOS","32-bit",4,"Casual","Missing",0,"No","No",1061.67,1209.9,12,4.5,1881,241
"DELL","Missing","Intel","Core i5","10th","8 GB GB","LPDDR4","0 GB","512 GB","DOS","32-bit",4,"Casual","Missing",1,"No","No",680.9,695,2,1.6,23,4
"HP","15s","Intel","Core i5","10th","8 GB GB","LPDDR4","0 GB","512 GB","DOS","32-bit",0,"ThinNlight","Missing",0,"No","No",559.9,631.79,11,4,818,109
"Lenovo","Ideapad","Intel","Core i5","10th","8 GB GB","LPDDR4","0 GB","512 GB","DOS","32-bit",2,"Casual","Missing",0,"No","No",469.9,622.9,24,4.2,4428,569
"MICROSOFT","Surface","Intel","Core i5","10th","8 GB GB","LPDDR4X","128 GB","0 GB","Windows","64-bit",0,"Casual","Missing",0,"Yes","No",1001.9,1049.99,4,4.4,56,8
"Smartron","t.book","Intel","Core i5","7th","8 GB GB","DDR3","128 GB","0 GB","Windows","64-bit",0,"Casual","Missing",0,"Yes","No",529.9,559.99,5,3.5,30,9
"Smartron","t.book","Intel","Core i5","7th","4 GB GB","DDR3","128 GB","0 GB","Windows","64-bit",0,"Casual","12.2",0,"Yes","No",529.9,559.99,5,3.9,28,4
"Lenovo","Ideapad","Intel","Core i5","11th","8 GB GB","DDR4","256 GB","0 GB","Windows","64-bit",0,"Casual","15.6",2,"No","Yes",494.9,753.9,34,4.3,365,35
"acer","Swift","Intel","Core i5","7th","8 GB GB","DDR3","256 GB","0 GB","Windows","64-bit",0,"ThinNlight","Missing",1,"No","Yes",868.67,999.99,13,4.4,39,3
"LG","Gram","Intel","Core i5","10th","8 GB GB","DDR4","256 GB","0 GB","Windows","64-bit",0,"Casual","Missing",0,"No","No",769.9,1040,25,4.5,15,7
"LG","Gram","Intel","Core i5","10th","8 GB GB","DDR4","256 GB","0 GB","Windows","64-bit",0,"Casual","Missing",0,"No","No",629.9,990,36,4.6,68,20
"acer","Swift","Intel","Core i5","8th","8 GB GB","DDR3","256 GB","0 GB","Windows","64-bit",0,"ThinNlight","Missing",1,"Yes","Yes",819.98,827.99,0,4,14,3
"acer","Swift","Intel","Core i5","8th","8 GB GB","DDR4","256 GB","0 GB","Windows","64-bit",0,"ThinNlight","13.3",1,"No","No",594.9,655.46,9,3.5,33,7
"HP","Missing","Intel","Core i5","11th","8 GB GB","DDR4","512 GB","0 GB","Windows","64-bit",0,"ThinNlight","15.6",0,"No","No",549.9,701.71,21,4.2,116,15
"HP","Missing","Intel","Core i5","11th","8 GB GB","DDR4","512 GB","0 GB","Windows","64-bit",0,"ThinNlight","15.6",1,"No","No",539.9,701.71,23,4.1,206,17
"Lenovo","Ideapad","Intel","Core i5","11th","8 GB GB","DDR4","512 GB","0 GB","Windows","64-bit",0,"Casual","14",2,"No","Yes",529.9,743.9,28,4.2,300,24
"HP","Pavilion","Intel","Core i5","11th","16 GB GB","DDR4","512 GB","0 GB","Windows","64-bit",0,"ThinNlight","14",1,"No","Yes",679.9,782.94,13,4.5,108,6
"ASUS","TUF","Intel","Core i5","10th","8 GB GB","DDR4","512 GB","0 GB","Windows","64-bit",4,"Gaming","15.6",1,"No","No",579.9,819.9,29,4.5,3712,412
"Lenovo","Ideapad","Intel","Core i5","11th","16 GB GB","DDR4","512 GB","0 GB","Windows","64-bit",0,"ThinNlight","15.6",1,"No","Yes",623,1013.9,38,4.4,825,95
"realme","Book(Slim)","Intel","Core i5","11th","8 GB GB","DDR4","512 GB","0 GB","Windows","64-bit",0,"Casual","14",1,"No","Yes",529.9,699.99,24,4.4,3470,505
"Lenovo","IdeaPad","Intel","Core i5","11th","8 GB GB","DDR4","512 GB","0 GB","Windows","64-bit",0,"ThinNlight","15.6",2,"No","Yes",519.9,889.9,41,4.2,85,4
"Lenovo","IdeaPad","Intel","Core i5","11th","16 GB GB","DDR4","512 GB","0 GB","Windows","64-bit",0,"ThinNlight","14",0,"No","No",619.9,978.9,36,4.2,56,7
"RedmiBook","Pro","Intel","Core i5","11th","8 GB GB","DDR4","512 GB","0 GB","Windows","32-bit",0,"ThinNlight","15.6",1,"No","No",489.9,599.9,18,4.2,1708,242
"ASUS","VivoBook","Intel","Core i5","11th","8 GB GB","LPDDR4X","512 GB","0 GB","Windows","32-bit",0,"Casual","14",1,"Yes","Yes",639.9,829.9,22,4.6,10,1
"Lenovo","ThinkPad","Intel","Core i5","11th","8 GB GB","DDR4","512 GB","0 GB","Windows","64-bit",0,"Casual","15.6",1,"No","Yes",659.9,781.09,15,4.6,17,4
"Nokia","PureBook","Intel","Core i5","10th","8 GB GB","DDR4","512 GB","0 GB","Windows","64-bit",0,"ThinNlight","14",0,"No","No",479.9,900,46,4.4,1119,242
"acer","Aspire","Intel","Core i5","11th","8 GB GB","DDR4","512 GB","0 GB","Windows","64-bit",0,"ThinNlight","15.6",1,"No","No",529.9,759.99,30,4.2,155,20
"ASUS","ASUS","Intel","Core i5","11th","8 GB GB","DDR4","512 GB","0 GB","Windows","64-bit",4,"Gaming","17.3",0,"No","No",719.9,1159.9,37,4.4,91,17
"ASUS","VivoBook","Intel","Core i5","10th","8 GB GB","DDR4","512 GB","0 GB","Windows","64-bit",0,"Casual","15.6",1,"No","No",479.9,629.9,23,4,35,2
"Nokia","PureBook","Intel","Core i5","10th","8 GB GB","DDR4","512 GB","0 GB","Windows","64-bit",0,"ThinNlight","14",0,"No","No",459.9,749.9,38,4.7,6,1
"Lenovo","IdeaPad","Intel","Core i5","10th","8 GB GB","DDR4","512 GB","0 GB","Windows","32-bit",0,"ThinNlight","15.6",2,"No","Yes",484.9,642.9,24,4.3,126,13
"ASUS","ASUS","Intel","Core i5","11th","8 GB GB","DDR4","512 GB","0 GB","Windows","64-bit",4,"Gaming","17.3",0,"No","No",729.9,1059.9,31,4.5,74,10
"MSI","Katana","Intel","Core i5","11th","16 GB GB","DDR4","512 GB","0 GB","Windows","64-bit",4,"Casual","15.6",2,"No","No",769.9,1069.9,28,4.6,75,17
"ASUS","TUF","Intel","Core i5","11th","16 GB GB","DDR4","512 GB","0 GB","Windows","64-bit",6,"Gaming","15.6",1,"No","Yes",899.9,1299.9,30,4.6,124,17
"MSI","GF63","Intel","Core i5","10th","8 GB GB","DDR4","512 GB","0 GB","Windows","64-bit",4,"Casual","15.6",2,"No","No",599.9,839.9,28,4.5,1597,228
"ASUS","TUF","Intel","Core i5","10th","8 GB GB","DDR4","512 GB","0 GB","Windows","64-bit",4,"Gaming","15.6",1,"No","Yes",659.9,899.9,26,4.4,3850,378
"DELL","Inspiron","Intel","Core i5","11th","8 GB GB","DDR4","512 GB","0 GB","Windows","64-bit",0,"Casual","14",0,"Yes","No",719.9,942.01,23,4.7,7,1
"HP","Missing","Intel","Core i5","11th","8 GB GB","DDR4","512 GB","0 GB","Windows","64-bit",0,"ThinNlight","15.6",0,"No","No",559.99,660.5,15,4.8,5,1
"ASUS","VivoBook","Intel","Core i5","11th","16 GB GB","DDR4","512 GB","0 GB","Windows","64-bit",4,"Casual","14",1,"No","No",734.9,1109.9,33,4.5,213,45
"HP","Pavilion","Intel","Core i5","11th","8 GB GB","DDR4","512 GB","0 GB","Windows","64-bit",0,"ThinNlight","14",1,"No","Yes",583.4,748.39,22,4,69,6
"DELL","Inspiron","Intel","Core i5","11th","16 GB GB","DDR4","512 GB","0 GB","Windows","64-bit",0,"ThinNlight","14",0,"No","No",679.9,898.49,24,4.4,93,9
"ASUS","VivoBook","Intel","Core i5","11th","16 GB GB","DDR4","512 GB","0 GB","Windows","64-bit",0,"Casual","14",1,"No","No",599.9,809.9,25,4.5,11,2
"ASUS","TUF","Intel","Core i5","11th","16 GB GB","DDR4","512 GB","0 GB","Windows","64-bit",6,"Casual","15.6",1,"No","Yes",829.9,1049.9,20,4.4,262,31
"DELL","Missing","Intel","Core i5","11th","16 GB GB","DDR4","512 GB","0 GB","Windows","64-bit",0,"ThinNlight","14",0,"No","No",700.9,893.95,21,4,5,1
"realme","Book(Slim)","Intel","Core i5","11th","8 GB GB","DDR4","512 GB","0 GB","Windows","64-bit",0,"Casual","14",1,"No","Yes",609.99,699.99,12,4.4,3470,505
"ASUS","Missing","Intel","Core i5","10th","8 GB GB","DDR4","512 GB","0 GB","Windows","64-bit",2,"ThinNlight","15.6",1,"No","No",499.9,649.9,23,4.1,45,3
"MSI","Missing","Intel","Core i5","11th","8 GB GB","DDR4","512 GB","0 GB","Windows","64-bit",0,"ThinNlight","14",0,"No","No",554.9,669.9,17,3.9,8,1
"HP","Spectre","Intel","Core i5","11th","8 GB GB","LPDDR4X","512 GB","0 GB","Windows","64-bit",0,"Casual","13.3",0,"Yes","No",979.9,1147.49,14,5,3,1
"ASUS","VivoBook","Intel","Core i5","9th","8 GB GB","DDR4","512 GB","0 GB","Windows","64-bit",4,"Gaming","15.6",1,"No","Yes",549.9,769.9,28,4.4,1681,227
"Lenovo","Thinkbook","Intel","Core i5","11th","8 GB GB","DDR4","512 GB","0 GB","Windows","64-bit",0,"ThinNlight","15",1,"No","Yes",599.9,1151.67,47,4.3,37,2
"Lenovo","IdeaPad","Intel","Core i5","11th","8 GB GB","DDR4","512 GB","0 GB","Windows","64-bit",0,"ThinNlight","15.6",1,"No","Yes",539.9,798.9,32,4.2,61,2
"HP","Pavilion","Intel","Core i5","11th","16 GB GB","DDR4","512 GB","0 GB","Windows","64-bit",0,"ThinNlight","14",1,"No","Yes",669.99,794.45,15,4.4,17,1
"acer","Intel","Intel","Core i5","11th","8 GB GB","LPDDR4X","512 GB","0 GB","Windows","64-bit",0,"ThinNlight","14",1,"No","Yes",609.9,899.99,32,4.4,17,1
"ASUS","Missing","Intel","Core i5","10th","8 GB GB","DDR4","512 GB","0 GB","Windows","64-bit",0,"ThinNlight","15.6",1,"No","Yes",479.9,629.9,23,4.3,1625,152
"HP","Missing","Intel","Core i5","11th","8 GB GB","DDR4","512 GB","0 GB","Windows","32-bit",0,"ThinNlight","14",1,"No","Yes",599.99,816.84,26,4,4,1
"HP","Pavilion","Intel","Core i5","11th","8 GB GB","DDR4","512 GB","0 GB","Windows","64-bit",0,"ThinNlight","15.6",1,"No","Yes",639.9,773.27,17,4.7,17,1
"Lenovo","Thinkbook","Intel","Core i5","11th","8 GB GB","DDR4","512 GB","0 GB","Windows","64-bit",0,"Casual","14",3,"Yes","Yes",649.9,1515.57,57,4,48,12
"Lenovo","Legion","Intel","Core i5","10th","8 GB GB","DDR4","512 GB","0 GB","Windows","64-bit",4,"Casual","15.6",1,"No","Yes",664.9,936.9,29,4.4,282,36
"Lenovo","Ideapad","Intel","Core i5","11th","16 GB GB","DDR4","512 GB","0 GB","Windows","64-bit",2,"Casual","15.6",1,"No","Yes",709.9,1048.9,32,4.2,67,4
"Infinix","INBook","Intel","Core i5","10th","8 GB GB","LPDDR4X","512 GB","0 GB","Windows","64-bit",0,"ThinNlight","14",0,"No","No",424.9,599.99,29,4.1,383,65
"DELL","Inspiron","Intel","Core i5","11th","8 GB GB","DDR4","512 GB","0 GB","Windows","64-bit",2,"Casual","14",1,"Yes","Yes",799.9,979.46,18,4.6,23,2
"MSI","Modern","Intel","Core i5","10th","8 GB GB","DDR4","512 GB","0 GB","Windows","64-bit",0,"Casual","14",0,"No","No",565.41,619.9,8,4.4,677,87
"Lenovo","ThinkBook","Intel","Core i5","11th","16 GB GB","DDR4","512 GB","0 GB","Windows","64-bit",0,"Casual","13",1,"No","Yes",649.9,1207.08,46,4.4,46,4
"DELL","Missing","Intel","Core i5","11th","8 GB GB","DDR4","512 GB","0 GB","Windows","64-bit",0,"ThinNlight","14",1,"No","No",612.9,737.74,16,3,4,1
"Lenovo","Missing","Intel","Core i5","11th","8 GB GB","DDR4","512 GB","0 GB","Windows","64-bit",0,"ThinNlight","14",1,"No","Yes",549.9,664.7,17,4.2,9,1
"Lenovo","ThinkBook","Intel","Core i5","11th","8 GB GB","DDR4","512 GB","0 GB","Windows","64-bit",0,"Casual","Missing",1,"No","Yes",599.9,1126.08,46,4.4,26,4
"HP","Pavilion","Intel","Core i5","11th","8 GB GB","DDR4","512 GB","0 GB","Windows","64-bit",0,"ThinNlight","16",1,"No","Yes",725,809,10,4.4,40,3
"Lenovo","IdeaPad","Intel","Core i5","11th","8 GB GB","DDR4","512 GB","0 GB","Windows","64-bit",4,"Gaming","Missing",0,"No","No",599.9,936.9,35,3.9,44,6
"Lenovo","Yoga","Intel","Core i5","11th","8 GB GB","DDR4","512 GB","0 GB","Windows","64-bit",0,"Casual","16",1,"Yes","Yes",879.9,1258.9,30,4.7,28,6
"HP","14s","Intel","Core i5","11th","8 GB GB","DDR4","512 GB","0 GB","Windows","64-bit",0,"ThinNlight","Missing",0,"No","No",579.9,631.79,8,4.3,1541,123
"DELL","Inspiron","Intel","Core i5","11th","8 GB GB","DDR4","512 GB","0 GB","Windows","64-bit",0,"ThinNlight","16",1,"No","Yes",694.9,697.36,0,4.2,72,7
"Lenovo","Thinkbook","Intel","Core i5","11th","8 GB GB","DDR4","512 GB","0 GB","Windows","64-bit",0,"Casual","16",3,"Yes","Yes",689.9,1591.8,56,4.6,44,8
"Lenovo","Missing","Intel","Core i5","11th","8 GB GB","DDR4","512 GB","0 GB","Windows","32-bit",0,"Casual","16",1,"No","Yes",779.9,803.66,2,4.3,17,2
"ASUS","ZenBook","Intel","Core i5","11th","8 GB GB","LPDDR4X","512 GB","0 GB","Windows","64-bit",0,"Casual","16",1,"Yes","No",1059.9,1409.9,24,4.4,59,11
"DELL","Vostro","Intel","Core i5","11th","8 GB GB","DDR4","512 GB","0 GB","Windows","64-bit",0,"ThinNlight","Missing",1,"No","Yes",554.9,807.11,31,4.1,337,27
"Lenovo","IdeaPad","Intel","Core i5","11th","8 GB GB","DDR4","512 GB","0 GB","Windows","64-bit",0,"ThinNlight","16",1,"No","Yes",699.9,1048.9,33,4.6,10,2
"ASUS","Zenbook","Intel","Core i5","11th","8 GB GB","DDR4","512 GB","0 GB","Windows","64-bit",0,"Casual","Missing",1,"Yes","Yes",849.9,1169.9,27,4.2,10,2
"DELL","Inspiron","Intel","Core i5","11th","8 GB GB","DDR4","512 GB","0 GB","Windows","64-bit",0,"ThinNlight","Missing",0,"No","No",599.9,761.43,21,3.8,31,7
"ASUS","Zenbook","Intel","Core i5","11th","8 GB GB","LPDDR4X","512 GB","0 GB","Windows","32-bit",0,"Casual","Missing",1,"No","Yes",729.9,909.9,19,4.7,76,14
"DELL","Inspiron","Intel","Core i5","11th","8 GB GB","DDR4","512 GB","0 GB","Windows","64-bit",0,"ThinNlight","16",1,"No","Yes",710.9,898.49,20,4.1,44,6
"ASUS","ZenBook","Intel","Core i5","10th","8 GB GB","LPDDR3","512 GB","0 GB","Windows","64-bit",0,"Casual","Missing",1,"No","Yes",799.9,989.9,19,4.4,11,3
"MSI","Modern","Intel","Core i5","11th","8 GB GB","DDR4","512 GB","0 GB","Windows","64-bit",0,"Casual","Missing",1,"No","No",554.9,679.9,18,4.3,138,16
"DELL","Vostro","Intel","Core i5","11th","8 GB GB","DDR4","512 GB","0 GB","Windows","64-bit",2,"ThinNlight","Missing",1,"No","Yes",664.9,871.68,23,4.1,199,17
"ASUS","VivoBook","Intel","Core i5","11th","8 GB GB","DDR4","512 GB","0 GB","Windows","64-bit",0,"Casual","Missing",1,"No","Yes",534,695,23,4.1,46,6
"DELL","Inspiron","Intel","Core i5","11th","8 GB GB","DDR4","512 GB","0 GB","Windows","64-bit",0,"Casual","Missing",1,"Yes","Yes",745,789.9,5,4.4,45,5
"DELL","Vostro","Intel","Core i5","11th","8 GB GB","DDR4","512 GB","0 GB","Windows","64-bit",2,"ThinNlight","Missing",0,"No","No",619.9,688.59,9,4.1,35,4
"APPLE","MacBook","Intel","Core i5","10th","8 GB GB","LPDDR4X","512 GB","0 GB","Mac","64-bit",0,"Casual","16",1,"No","No",1599.9,1749,8,4.4,32,5
"APPLE","MacBook","Intel","Core i5","8th","8 GB GB","DDR3","512 GB","0 GB","Mac","64-bit",0,"Casual","Missing",1,"No","No",1720.9,1799,4,4.2,108,13
"MSI","Modern","Intel","Core i5","10th","8 GB GB","DDR4","512 GB","0 GB","Windows","64-bit",0,"Casual","Missing",1,"No","No",564.9,572.4,1,4.5,814,112
"Lenovo","Ideapad","Intel","Core i5","11th","8 GB GB","DDR4","512 GB","0 GB","Windows","64-bit",0,"ThinNlight","Missing",1,"No","Yes",559.9,654.38,14,4.2,75,9
"Lenovo","IdeaPad","Intel","Core i5","11th","8 GB GB","DDR4","512 GB","0 GB","Windows","32-bit",2,"Casual","16",1,"No","Yes",709.9,1132.9,37,4.6,11,3
"Lenovo","ThinkPad","Intel","Core i5","11th","8 GB GB","DDR4","512 GB","0 GB","Windows","64-bit",0,"Casual","Missing",1,"No","Yes",649.9,774.87,16,4.4,125,11
"MSI","Modern","Intel","Core i5","10th","8 GB GB","DDR4","512 GB","0 GB","Windows","64-bit",0,"Casual","Missing",1,"No","No",549.9,619.9,11,4.4,714,147
"Vaio","SE","Intel","Core i5","8th","8 GB GB","DDR4","512 GB","0 GB","Windows","64-bit",0,"ThinNlight","Missing",2,"No","Yes",628.9,846.9,25,4,85,14
"Lenovo","Yoga","Intel","Core i5","10th","8 GB GB","LPDDR4X","512 GB","0 GB","Windows","64-bit",2,"Casual","Missing",1,"No","Yes",707.98,1010.9,29,4,21,3
"Lenovo","Legion","Intel","Core i5","9th","8 GB GB","DDR4","512 GB","0 GB","Windows","64-bit",4,"Casual","Missing",0,"No","No",599.9,849.9,29,3.8,9,1
"HP","14s","Intel","Core i5","10th","8 GB GB","DDR4","512 GB","0 GB","Windows","64-bit",0,"ThinNlight","Missing",1,"No","Yes",559.9,779.96,28,4.2,30,4
"ASUS","ZenBook","Intel","Core i5","8th","8 GB GB","LPDDR3","512 GB","0 GB","Windows","64-bit",0,"ThinNlight","Missing",1,"No","No",729.9,909.9,19,4.2,44,4
"acer","Swift","Intel","Core i5","8th","8 GB GB","DDR3","512 GB","0 GB","Windows","64-bit",0,"ThinNlight","Missing",1,"No","No",649.9,879.99,26,3.8,4,1
"HP","HP","Intel","Core i5","11th","8 GB GB","DDR4","512 GB","0 GB","Windows","64-bit",2,"Casual","16",1,"Yes","Yes",769.9,992.03,22,4.4,14,2
"Lenovo","Ideapad","Intel","Core i5","11th","8 GB GB","DDR4","512 GB","0 GB","Windows","64-bit",0,"Casual","Missing",2,"No","Yes",629.98,798.9,21,4.3,739,71
"DELL","Inspiron","Intel","Core i5","11th","8 GB GB","DDR4","512 GB","0 GB","Windows","64-bit",0,"Casual","16",1,"Yes","Yes",779.9,982,20,4.5,31,5
"HP","Spectre","Intel","Core i5","10th","8 GB GB","DDR4","512 GB","0 GB","Windows","64-bit",0,"Casual","Missing",1,"Yes","Yes",1149.9,1228.03,6,4.4,145,19
"DELL","Inspiron","Intel","Core i5","11th","8 GB GB","DDR4","512 GB","0 GB","Windows","64-bit",2,"Casual","16",1,"No","Yes",889.9,906.05,1,3.8,19,2
"Mi","Notebook","Intel","Core i5","10th","8 GB GB","DDR4","512 GB","0 GB","Windows","64-bit",2,"Casual","Missing",1,"No","No",549.9,599.99,8,4.3,545,74
"ASUS","VivoBook","Intel","Core i5","11th","8 GB GB","LPDDR4X","512 GB","0 GB","Windows","64-bit",0,"Casual","Missing",1,"Yes","Yes",739.9,849.9,12,4.2,32,6
"HP","Missing","Intel","Core i5","11th","8 GB GB","DDR4","512 GB","0 GB","Windows","64-bit",0,"ThinNlight","Missing",1,"No","Yes",610,680,10,4.3,1124,100
"ASUS","ZenBook","Intel","Core i5","11th","8 GB GB","LPDDR4X","512 GB","0 GB","Windows","64-bit",0,"Casual","Missing",1,"Yes","No",999.9,1229.9,18,4.9,35,6
"DELL","Inspiron","Intel","Core i5","11th","8 GB GB","DDR4","512 GB","0 GB","Windows","64-bit",0,"Casual","Missing",1,"Yes","Yes",707.99,895.64,20,4.7,98,6
"Lenovo","ThinkPad","Intel","Core i5","11th","8 GB GB","DDR4","512 GB","0 GB","Windows","64-bit",0,"ThinNlight","Missing",1,"No","Yes",659.9,758.79,13,4.1,31,2
"ASUS","VivoBook","Intel","Core i5","8th","8 GB GB","DDR4","512 GB","0 GB","Windows","64-bit",0,"ThinNlight","Missing",1,"No","No",536.9,589.9,8,4.4,19,3
"Lenovo","IdeaPad","Intel","Core i5","10th","8 GB GB","DDR4","512 GB","0 GB","Windows","32-bit",2,"Casual","Missing",2,"No","Yes",589.99,659.99,10,4.4,45,3
"Lenovo","IdeaPad","Intel","Core i5","10th","8 GB GB","DDR4","512 GB","0 GB","Windows","64-bit",4,"Gaming","Missing",0,"No","No",698.99,738.99,5,4.3,474,37
"DELL","Inspiron","Intel","Core i5","11th","8 GB GB","DDR4","512 GB","0 GB","Windows","64-bit",0,"ThinNlight","Missing",0,"No","No",729,749,2,3.9,24,4
"DELL","Inspiron","Intel","Core i5","11th","8 GB GB","DDR4","512 GB","0 GB","Windows","64-bit",0,"Casual","Missing",1,"Yes","Yes",739.9,926,20,4.5,195,17
"HP","Spectre","Intel","Core i5","10th","8 GB GB","DDR4","512 GB","0 GB","Windows","64-bit",0,"Casual","Missing",1,"Yes","No",1260,1520.42,17,5,2,1
"DELL","Inspiron","Intel","Core i5","11th","8 GB GB","DDR4","512 GB","0 GB","Windows","64-bit",2,"Casual","16",1,"Yes","Yes",829.9,946,12,4.5,21,2
"MSI","GS","Intel","Core i5","8th","8 GB GB","DDR5","512 GB","0 GB","Windows","32-bit",6,"Casual","Missing",0,"No","No",1499.9,1699.9,11,4.1,10,3
"DELL","Inspiron","Intel","Core i5","10th","8 GB GB","DDR4","512 GB","0 GB","Windows","64-bit",0,"ThinNlight","Missing",1,"No","Yes",795,994.33,20,4.3,10,1
"DELL","Inspiron","Intel","Core i5","10th","8 GB GB","DDR4","512 GB","0 GB","Windows","64-bit",2,"Casual","Missing",1,"No","Yes",829.9,1077.86,23,3.7,15,3
"DELL","Inspiron","Intel","Core i5","11th","8 GB GB","DDR4","512 GB","0 GB","Windows","64-bit",2,"Casual","Missing",1,"No","Yes",709.8,760.94,6,4.4,138,23
"DELL","Missing","Intel","Core i5","11th","8 GB GB","DDR4","512 GB","0 GB","Windows","64-bit",2,"Casual","16",0,"Yes","No",829.9,948.9,12,4.4,16,3
"MSI","Prestige","Intel","Core i5","11th","8 GB GB","LPDDR4X","512 GB","0 GB","Windows","64-bit",0,"Casual","16",1,"No","No",799.9,934.89,14,4.9,11,4
"Lenovo","Ideapad","Intel","Core i5","8th","8 GB GB","DDR4","512 GB","0 GB","Windows","64-bit",2,"Casual","Missing",1,"No","Yes",599.99,800,25,4.4,22,3
"Lenovo","Yoga","Intel","Core i5","11th","8 GB GB","DDR4","512 GB","0 GB","Windows","64-bit",0,"Casual","16",1,"No","Yes",919.99,920,0,4.6,16,2
"DELL","Inspiron","Intel","Core i5","11th","8 GB GB","DDR4","512 GB","0 GB","Windows","64-bit",0,"Casual","16",1,"Yes","Yes",789,849,7,3.6,16,1
"Nokia","PureBook","Intel","Core i5","11th","16 GB GB","DDR4","512 GB","0 GB","Windows","64-bit",0,"ThinNlight","14",0,"No","No",559.9,829.9,32,4.1,117,31
"Lenovo","IdeaPad","Intel","Core i5","11th","8 GB GB","DDR4","512 GB","0 GB","Windows","64-bit",4,"Gaming","15.6",0,"No","No",609.9,936.9,34,3.9,14,6
"DELL","Inspiron","Intel","Core i5","11th","16 GB GB","DDR4","512 GB","0 GB","Windows","64-bit",0,"ThinNlight","15.6",0,"No","No",701.9,907.83,22,3.5,6,3
"Avita","Liber","Intel","Core i5","8th","8 GB GB","DDR4","512 GB","0 GB","Windows","64-bit",0,"ThinNlight","14",0,"No","No",449.9,769.9,41,3.4,17,3
"ASUS","Intel","Intel","Core i5","11th","8 GB GB","DDR4","512 GB","0 GB","Windows","64-bit",0,"Casual","13.3",1,"Yes","Yes",849.9,1159.9,26,3.9,17,2
"HP","Pavilion","Intel","Core i5","11th","16 GB GB","DDR4","512 GB","0 GB","Windows","64-bit",2,"Casual","15.6",1,"No","No",780,890,12,4.4,512,85
"Avita","Liber","Intel","Core i5","8th","8 GB GB","DDR4","512 GB","0 GB","Windows","64-bit",0,"ThinNlight","14",0,"No","No",730.63,769.9,5,3.4,17,3
"Avita","Liber","Intel","Core i5","8th","8 GB GB","DDR4","512 GB","0 GB","Windows","64-bit",0,"ThinNlight","14",0,"No","No",730.63,769.9,5,3.4,17,3
"Lenovo","Ideapad","Intel","Core i5","8th","8 GB GB","DDR4","512 GB","0 GB","Windows","64-bit",0,"ThinNlight","13.3",1,"No","Yes",749.9,834.58,10,3.3,3,1
"ASUS","ROG","Intel","Core i5","10th","8 GB GB","DDR4","512 GB","0 GB","Windows","64-bit",4,"Casual","15.6",0,"No","No",759.9,1019.9,25,4.6,1365,137
"ASUS","ASUS","Intel","Core i5","11th","8 GB GB","DDR4","1024 GB","0 GB","Windows","64-bit",4,"Gaming","15.6",0,"No","No",759.9,1169.9,35,4.5,368,48
"ASUS","TUF","Intel","Core i5","11th","8 GB GB","DDR4","1024 GB","0 GB","Windows","64-bit",4,"Gaming","17.3",1,"No","Yes",779.9,1159.9,32,4.4,202,26
"ASUS","ROG","Intel","Core i5","10th","8 GB GB","DDR4","1024 GB","0 GB","Windows","64-bit",4,"Casual","15.6",1,"No","No",779.9,1499.9,48,4.5,187,26
"APPLE","MacBook","Intel","Core i5","10th","16 GB GB","LPDDR4X","1024 GB","0 GB","Mac","64-bit",0,"Casual","13",1,"No","No",1799.9,1949,7,4.7,31,3
"APPLE","MacBook","Intel","Core i5","10th","16 GB GB","LPDDR4X","1024 GB","0 GB","Mac","64-bit",0,"Casual","13",1,"No","No",1799.9,1949,7,4.8,91,5
"ASUS","ROG","Intel","Core i5","10th","8 GB GB","DDR4","1024 GB","0 GB","Windows","64-bit",4,"Casual","Missing",0,"No","No",829.9,1079.9,23,4.5,844,118
"DELL","Inspiron","Intel","Core i5","11th","8 GB GB","LPDDR4X","1024 GB","0 GB","Windows","64-bit",0,"ThinNlight","13.3",0,"No","No",741.9,834.17,11,4.5,21,3
"acer","Aspire","Intel","Core i5","11th","8 GB GB","DDR4","0 GB","1024 GB","Windows","64-bit",0,"ThinNlight","14",1,"No","No",469.9,569.99,17,3.8,253,28
"DELL","Vostro","Intel","Core i5","11th","8 GB GB","DDR4","0 GB","1024 GB","Windows","64-bit",0,"ThinNlight","14",1,"No","Yes",489.9,702.86,30,3.6,470,46
"acer","Aspire","Intel","Core i5","8th","8 GB GB","DDR4","0 GB","1024 GB","Windows","64-bit",2,"Casual","Missing",1,"No","Yes",599.99,625.11,4,4.1,118,28
"ASUS","VivoBook","Intel","Core i5","10th","8 GB GB","DDR4","0 GB","1024 GB","Windows","64-bit",0,"ThinNlight","Missing",1,"No","No",469.9,559.9,16,4,1444,179
"MSI","GF63","Intel","Core i5","10th","8 GB GB","DDR4","0 GB","1024 GB","Windows","64-bit",4,"Casual","Missing",2,"No","No",529.9,729.9,27,4.1,1114,137
"Lenovo","Ideapad","Intel","Core i5","8th","8 GB GB","DDR4","0 GB","1024 GB","Windows","64-bit",4,"Casual","Missing",1,"No","No",569.9,625.94,8,4,21,5
"acer","Aspire","Intel","Core i5","8th","8 GB GB","DDR4","0 GB","1024 GB","Windows","64-bit",2,"ThinNlight","Missing",1,"No","No",619.9,625.49,0,4.1,73,21
"MSI","GE76","Intel","Core i5","10th","8 GB GB","LPDDR4","0 GB","512 GB","DOS","32-bit",6,"Casual","Missing",0,"No","No",2911.9,3309.9,12,4.6,7,3
"MSI","GP76","Intel","Core i5","10th","8 GB GB","LPDDR4","0 GB","512 GB","DOS","32-bit",8,"Casual","Missing",0,"No","No",1799.9,2019.9,10,4.4,24,5
"HP","Pavilion","Intel","Core i5","8th","8 GB GB","DDR4","0 GB","1024 GB","Windows","64-bit",2,"Casual","15.6",1,"No","Yes",649.9,682.7,4,4.3,23,4
"HP","15q","Intel","Core i5","8th","8 GB GB","DDR4","0 GB","1024 GB","Windows","64-bit",0,"Casual","15.6",1,"No","No",467.9,501.9,6,4.2,3062,325
"acer","Swift","Intel","Core i5","8th","8 GB GB","DDR4","0 GB","1024 GB","Windows","64-bit",2,"Casual","15.6",1,"No","No",729.64,731.99,0,4.2,18,6
"HP","250","Intel","Core i5","10th","8 GB GB","DDR4","0 GB","1024 GB","Windows","32-bit",0,"Casual","15.6",1,"No","Yes",487.9,547.86,10,3.4,11,1
"ASUS","VivoBook","Intel","Core i5","11th","8 GB GB","DDR4","256 GB","1024 GB","Windows","32-bit",0,"Casual","15.6",1,"No","Yes",509.9,709.9,28,4.3,1188,127
"acer","Aspire","Intel","Core i5","11th","8 GB GB","DDR4","256 GB","1024 GB","Windows","64-bit",0,"Casual","15.6",1,"No","No",579.9,699.99,17,4.6,32,1
"acer","Aspire","Intel","Core i5","11th","8 GB GB","DDR4","256 GB","1024 GB","Windows","64-bit",0,"ThinNlight","15.6",1,"No","No",569.9,649.99,12,4,27,2
"acer","Travelmate","Intel","Core i5","11th","8 GB GB","DDR4","256 GB","1024 GB","Windows","64-bit",0,"Casual","14",0,"No","No",554.9,600,7,3.8,8,3
"DELL","Inspiron","Intel","Core i5","11th","8 GB GB","DDR4","256 GB","1024 GB","Windows","64-bit",2,"Casual","15.6",1,"No","No",624.9,861.99,27,3.9,157,20
"ASUS","VivoBook","Intel","Core i5","11th","16 GB GB","DDR4","256 GB","1024 GB","Windows","64-bit",0,"Casual","15.6",1,"No","No",649.9,859.9,24,4.7,10,1
"Lenovo","Ideapad","Intel","Core i5","11th","8 GB GB","DDR4","256 GB","1024 GB","Windows","64-bit",2,"Casual","15.6",1,"No","Yes",599.9,936.9,35,4.3,52,4
"ASUS","VivoBook","Intel","Core i5","11th","8 GB GB","DDR4","256 GB","1024 GB","Windows","64-bit",2,"Casual","15.6",1,"No","Yes",601.9,789.9,23,4.4,33,4
"ASUS","VivoBook","Intel","Core i5","9th","8 GB GB","DDR4","256 GB","1024 GB","Windows","64-bit",4,"Gaming","15.6",0,"No","No",544.9,779.9,30,4.3,343,47
"Lenovo","Legion","Intel","Core i5","9th","8 GB GB","DDR4","256 GB","1024 GB","Windows","64-bit",4,"Casual","15.6",1,"No","Yes",609.9,866.9,29,4.3,131,17
"DELL","Inspiron","Intel","Core i5","11th","4 GB GB","DDR4","256 GB","1024 GB","Windows","64-bit",0,"ThinNlight","14.9",1,"No","Yes",557.9,600.78,7,4.2,41,4
"ASUS","VivoBook","Intel","Core i5","11th","16 GB GB","DDR4","256 GB","1024 GB","Windows","64-bit",0,"Casual","15.6",1,"No","Yes",649.9,859.9,24,4.3,328,51
"ASUS","Missing","Intel","Core i5","11th","16 GB GB","DDR4","256 GB","1024 GB","Windows","64-bit",0,"ThinNlight","17.3",0,"No","No",589.9,859.9,31,4.8,6,1
"DELL","Vostro","Intel","Core i5","11th","8 GB GB","DDR4","256 GB","1024 GB","Windows","64-bit",0,"ThinNlight","14",1,"No","Yes",549.9,802.84,31,3.8,353,28
"HP","Pavilion","Intel","Core i5","11th","8 GB GB","DDR4","256 GB","1024 GB","Windows","64-bit",4,"Gaming","15.6",1,"No","Yes",719.9,877.17,17,4.3,127,20
"Lenovo","Ideapad","Intel","Core i5","11th","8 GB GB","DDR4","256 GB","1024 GB","Windows","64-bit",2,"Casual","15.6",1,"No","Yes",659.9,992.9,33,4.2,241,19
"ASUS","VivoBook","Intel","Core i5","11th","8 GB GB","DDR4","256 GB","1024 GB","Windows","64-bit",0,"Casual","Missing",1,"No","No",499.9,729.9,31,3.9,22,2
"DELL","Vostro","Intel","Core i5","11th","8 GB GB","DDR4","256 GB","1024 GB","Windows","64-bit",0,"ThinNlight","Missing",1,"No","Yes",589.9,740.66,20,4,8,1
"Lenovo","IdeaPad","Intel","Core i5","10th","8 GB GB","DDR4","256 GB","1024 GB","Windows","64-bit",4,"Gaming","Missing",0,"No","No",745.9,1099.9,32,4.4,898,128
"ASUS","Missing","Intel","Core i5","10th","8 GB GB","DDR4","256 GB","1024 GB","Windows","32-bit",2,"Casual","Missing",0,"No","No",589.9,679.9,13,5,1,1
"DELL","Inspiron","Intel","Core i5","11th","8 GB GB","DDR4","256 GB","1024 GB","Windows","64-bit",2,"Casual","Missing",0,"No","No",664.9,885.19,24,3.8,6,1
"DELL","G3","Intel","Core i5","10th","8 GB GB","DDR4","256 GB","1024 GB","Windows","64-bit",4,"Casual","Missing",0,"No","No",779,823,5,4.3,179,34
"DELL","Inspiron","Intel","Core i5","11th","8 GB GB","DDR4","256 GB","1024 GB","Windows","64-bit",2,"Casual","Missing",0,"No","No",674.9,826,18,3.8,41,5
"DELL","Inspiron","Intel","Core i5","11th","8 GB GB","DDR4","256 GB","1024 GB","Windows","64-bit",0,"Casual","Missing",1,"No","Yes",589.9,619.9,4,4.3,114,9
"Lenovo","IdeaPad","Intel","Core i5","10th","8 GB GB","DDR4","256 GB","1024 GB","Windows","64-bit",4,"Gaming","Missing",0,"No","No",749.99,755,0,4.3,268,25
"ASUS","VivoBook","Intel","Core i5","11th","8 GB GB","DDR4","256 GB","1024 GB","Windows","64-bit",0,"Casual","Missing",1,"No","Yes",689,789.99,12,5,6,1
"DELL","Inspiron","Intel","Core i5","11th","8 GB GB","DDR4","256 GB","1024 GB","Windows","64-bit",2,"Casual","15.6",0,"No","No",716.95,757.32,5,4.2,153,16
"DELL","Inspiron","Intel","Core i7","8th","16 GB GB","DDR4","256 GB","0 GB","Windows","64-bit",4,"Casual","Missing",1,"No","Yes",879.9,885.32,0,4.1,120,21
"ASUS","VivoBook","Intel","Core i7","10th","16 GB GB","DDR4","512 GB","0 GB","Windows","64-bit",0,"Casual","15.6",1,"No","No",579.9,809.9,28,4.3,76,9
"ASUS","VivoBook","Intel","Core i7","10th","8 GB GB","DDR4","512 GB","0 GB","Windows","64-bit",4,"Gaming","15.6",0,"No","No",619.9,889.9,30,4.5,11,2
"MSI","GF63","Intel","Core i7","10th","16 GB GB","DDR4","512 GB","0 GB","Windows","64-bit",4,"Casual","15.6",2,"No","No",799.9,959.9,16,4.5,484,56
"Lenovo","IdeaPad","Intel","Core i7","10th","8 GB GB","DDR4","512 GB","0 GB","Windows","64-bit",4,"Gaming","15.6",1,"No","Yes",689.9,992.9,30,4.5,44,2
"Mi","Notebook","Intel","Core i7","10th","8 GB GB","DDR4","512 GB","0 GB","Windows","64-bit",2,"Casual","14",1,"No","No",594.9,659.99,9,4.2,399,40
"Lenovo","IdeaPad","Intel","Core i7","11th","16 GB GB","DDR4","512 GB","0 GB","Windows","64-bit",0,"Casual","14",1,"Yes","Yes",859.9,1258.9,31,4.4,77,10
"Lenovo","Legion","Intel","Core i7","11th","16 GB GB","DDR4","512 GB","0 GB","Windows","64-bit",4,"Casual","15.6",1,"No","Yes",999.9,1534.9,34,4.4,11,3
"Infinix","X1","Intel","Core i7","10th","16 GB GB","LPDDR4X","512 GB","0 GB","Windows","64-bit",8,"Casual","14",0,"No","No",549.9,699.99,21,4.3,57,14
"ASUS","VivoBook","Intel","Core i7","11th","8 GB GB","DDR4","512 GB","0 GB","Windows","64-bit",0,"Casual","14",1,"No","Yes",779.9,969.9,19,4.3,21,5
"Lenovo","IdeaPad","Intel","Core i7","11th","8 GB GB","DDR4","512 GB","0 GB","Windows","64-bit",4,"Gaming","15.6",0,"No","No",799.9,1188.9,32,4,5,2
"Lenovo","Thinkbook","Intel","Core i7","11th","16 GB GB","DDR4","512 GB","0 GB","Windows","64-bit",0,"Casual","14",3,"Yes","Yes",849.9,1096.96,22,4.5,13,2
"HP","Envy","Intel","Core i7","11th","16 GB GB","DDR4","512 GB","0 GB","Windows","64-bit",0,"Casual","13.3",1,"Yes","Yes",1029.9,1147.51,10,4.7,11,2
"ASUS","ASUS","Intel","Core i7","11th","16 GB GB","DDR4","512 GB","0 GB","Windows","64-bit",4,"Gaming","16",0,"No","No",949.9,1019.9,6,4.5,118,15
"HP","Pavilion","Intel","Core i7","11th","16 GB GB","DDR4","512 GB","0 GB","Windows","64-bit",4,"Gaming","16",1,"No","Yes",901.9,1072.62,15,4.3,6,1
"MSI","Prestige","Intel","Core i7","10th","16 GB GB","DDR4","512 GB","0 GB","Windows","64-bit",4,"Casual","16",1,"No","No",1099.9,1349.9,18,4.3,138,30
"ASUS","VivoBook","Intel","Core i7","11th","16 GB GB","DDR4","512 GB","0 GB","Windows","64-bit",2,"Casual","Missing",1,"No","Yes",789.9,1049.9,24,4.5,35,4
"HP","Pavilion","Intel","Core i7","11th","16 GB GB","DDR4","512 GB","0 GB","Windows","64-bit",4,"Gaming","16",1,"No","Yes",920,1130.19,18,4.5,8,1
"HP","Spectre","Intel","Core i7","10th","16 GB GB","DDR4","512 GB","0 GB","Windows","64-bit",0,"Casual","16",1,"Yes","No",1629.9,1929.77,15,3.3,3,1
"DELL","XPS","Intel","Core i7","11th","16 GB GB","LPDDR4X","512 GB","0 GB","Windows","64-bit",0,"ThinNlight","16",1,"No","Yes",1353,1355.53,0,5,5,2
"MSI","Modern","Intel","Core i7","11th","16 GB GB","DDR4","512 GB","0 GB","Windows","64-bit",0,"Casual","Missing",0,"No","No",649.9,789.9,17,4.4,33,5
"MSI","Prestige","Intel","Core i7","10th","16 GB GB","DDR4","512 GB","0 GB","Windows","64-bit",2,"Casual","16",1,"No","No",1049.9,1239.9,15,4,85,9
"ASUS","ZenBook","Intel","Core i7","8th","16 GB GB","DDR3","512 GB","0 GB","Windows","64-bit",0,"ThinNlight","16",1,"No","No",999.9,1229.9,18,4.3,30,7
"ASUS","ZenBook","Intel","Core i7","8th","8 GB GB","LPDDR3","512 GB","0 GB","Windows","64-bit",0,"ThinNlight","13.3",1,"No","No",819.9,1029.87,20,4.3,40,4
"MSI","GF63","Intel","Core i7","9th","8 GB GB","DDR4","512 GB","0 GB","Windows","64-bit",4,"Casual","15.6",2,"No","No",669.9,1049.9,36,4.5,1639,230
"MSI","GF65","Intel","Core i7","10th","16 GB GB","DDR4","1024 GB","0 GB","Windows","64-bit",6,"Casual","15.6",2,"No","No",849.9,1239.9,31,4.4,498,64
"ASUS","ASUS","Intel","Core i7","11th","16 GB GB","DDR4","1024 GB","0 GB","Windows","64-bit",4,"Gaming","15.6",0,"No","No",989.9,1369.9,27,4.5,445,56
"HP","Envy","Intel","Core i7","10th","16 GB GB","DDR4","1024 GB","0 GB","Windows","64-bit",6,"Casual","15.6",1,"No","Yes",1446.9,1734.53,16,4.2,17,4
"MSI","Stealth","Intel","Core i7","11th","16 GB GB","DDR4","1024 GB","0 GB","Windows","64-bit",6,"Casual","16",2,"No","No",1199.9,1629.9,26,4.3,20,3
"ASUS","ZenBook","Intel","Core i7","10th","16 GB GB","LPDDR3","1024 GB","0 GB","Windows","64-bit",2,"Casual","16",1,"No","Yes",1249.9,1469.9,14,4.6,17,1
"HP","Spectre","Intel","Core i7","10th","16 GB GB","DDR4","1024 GB","0 GB","Windows","64-bit",0,"Casual","16",1,"Yes","No",1799.9,2163.68,16,4.2,13,5
"MSI","Summit","Intel","Core i7","11th","16 GB GB","DDR4","1024 GB","0 GB","Windows","64-bit",4,"Casual","16",2,"Yes","No",1549.9,1569.9,1,4,3,2
"Lenovo","Yoga","Intel","Core i7","11th","16 GB GB","LPDDR4X","1024 GB","0 GB","Windows","64-bit",0,"Casual","16",1,"No","Yes",1229.9,1678.9,26,3,4,2
"MSI","Pulse","Intel","Core i7","11th","16 GB GB","DDR4","1024 GB","0 GB","Windows","64-bit",8,"Casual","16",2,"No","No",1299.9,1799.9,27,4.2,14,3
"MSI","Missing","Intel","Core i7","12th","16 GB GB","DDR4","1024 GB","0 GB","Windows","64-bit",6,"Casual","16",0,"No","No",1399.9,1569.9,10,4.5,4,2
"acer","Predator","Intel","Core i7","11th","16 GB GB","DDR4","1024 GB","0 GB","Windows","64-bit",6,"Casual","16",1,"No","No",1299.9,1499.9,13,4.5,54,7
"HP","Spectre","Intel","Core i7","11th","16 GB GB","LPDDR4X","1024 GB","0 GB","Windows","64-bit",0,"Casual","16",1,"Yes","Yes",1285,1520.42,15,3.7,3,1
"Lenovo","Yoga","Intel","Core i7","11th","16 GB GB","DDR4","1024 GB","0 GB","Windows","64-bit",0,"Casual","16",1,"Yes","Yes",1029.9,1040.33,1,4.4,16,2
"ASUS","ZenBook","Intel","Core i7","11th","16 GB GB","LPDDR4X","1024 GB","0 GB","Windows","64-bit",0,"Casual","16",1,"Yes","No",1199.9,1589.9,24,4.8,8,1
"Lenovo","Yoga","Intel","Core i7","10th","16 GB GB","LPDDR4X","1024 GB","0 GB","Windows","64-bit",0,"ThinNlight","16",0,"No","No",1199.9,1480.82,18,2.5,2,1
"Avita","Liber","Intel","Core i7","10th","16 GB GB","DDR4","1024 GB","0 GB","Windows","64-bit",0,"ThinNlight","14",0,"No","No",629.9,833.9,24,3.9,207,49
"Lenovo","ThinkBook","Intel","Core i7","11th","16 GB GB","LPDDR4","1024 GB","0 GB","Windows","64-bit",0,"Casual","13",1,"No","Yes",859.9,1481.58,41,3.4,7,2
"MSI","GF63","Intel","Core i7","10th","8 GB GB","DDR4","256 GB","1024 GB","Windows","64-bit",4,"Casual","15.6",2,"No","No",639.9,839.9,23,4.3,794,83
"ASUS","VivoBook","Intel","Core i7","10th","16 GB GB","DDR4","256 GB","1024 GB","Windows","64-bit",4,"Gaming","15.6",0,"No","No",669.9,979.9,31,4.2,25,4
"acer","Predator","Intel","Core i7","10th","16 GB GB","DDR4","256 GB","1024 GB","Windows","64-bit",6,"Casual","16",1,"No","No",1199.9,1409.9,14,4.6,2038,313
"acer","Predator","Intel","Core i7","11th","16 GB GB","DDR4","512 GB","1024 GB","Windows","64-bit",4,"Casual","15.6",1,"No","No",929.9,1309.9,29,4.5,214,37
"acer","Predator","Intel","Core i7","11th","16 GB GB","DDR4","512 GB","1024 GB","Windows","32-bit",6,"Casual","15.6",1,"No","No",1199.9,1409.9,14,4.5,342,54
"ASUS","Missing","Intel","Core i9","10th","16 GB GB","DDR4","1024 GB","0 GB","Windows","64-bit",6,"Casual","Missing",1,"Yes","No",2699.9,3269.9,17,4.8,8,1
"Smartron","t.book","Intel","Core m3","7th","4 GB GB","DDR3","128 GB","0 GB","Windows","64-bit",0,"Casual","12.2",0,"Yes","No",429.9,459.9,6,3.5,25,6
"MSI","Katana","Intel","Core i5","10th","8 GB GB","LPDDR4","0 GB","512 GB","DOS","32-bit",4,"Casual","Missing",0,"No","No",869.9,1179.9,26,4.5,218,27
"acer","Dual","AMD","Dual Core","Missing","4 GB GB","DDR4","256 GB","0 GB","Windows","64-bit",0,"Casual","Missing",1,"No","No",319.9,329.9,3,4,762,104
"MSI","Pulse","Intel","Core i5","10th","8 GB GB","LPDDR4","0 GB","512 GB","DOS","32-bit",6,"Casual","Missing",0,"No","No",1099.9,1399.9,21,4.6,78,16
"MSI","Pulse","Intel","Core i5","10th","8 GB GB","LPDDR4","0 GB","512 GB","DOS","32-bit",4,"Casual","Missing",0,"No","No",1095.9,1239.9,11,4.6,5,2
"DELL","G15","Intel","GeForce GTX","10th","8 GB GB","LPDDR4","0 GB","512 GB","DOS","32-bit",4,"Casual","15.6",0,"No","No",755,835.57,9,4.4,28,1
"ALIENWARE","Missing","Intel","GeForce RTX","10th","8 GB GB","LPDDR4","0 GB","512 GB","DOS","32-bit",8,"Casual","15.6",0,"No","No",3453.9,3777.98,8,4.6,10,3
"ALIENWARE","Missing","Intel","GeForce RTX","10th","8 GB GB","LPDDR4","0 GB","512 GB","DOS","32-bit",6,"Casual","15.6",0,"No","No",2147.9,2379.37,9,4.1,13,4
"ALIENWARE","Missing","Intel","GeForce RTX","10th","8 GB GB","LPDDR4","0 GB","512 GB","DOS","32-bit",8,"Casual","15.6",0,"No","No",2692.9,2930.8,8,4,5,2
"DELL","G15","Intel","GEFORCE RTX","10th","4 GB GB","DDR4","0 GB","512 GB","DOS","32-bit",4,"Casual","Missing",0,"No","No",959.9,1240.78,22,4.3,20,5
"MSI","GF65","Intel","Hexa Core","Missing","16 GB GB","DDR4","512 GB","0 GB","Windows","64-bit",6,"Casual","15.6",2,"No","No",769.9,1069.9,28,4.5,298,49
"MSI","GF63","Intel","Hexa Core","Missing","8 GB GB","DDR4","256 GB","1024 GB","Windows","64-bit",4,"Casual","15.6",2,"No","No",559.9,729.9,23,4.4,2582,272
"APPLE","MacBook","M1","M1","10th","8 GB GB","DDR4","256 GB","0 GB","Mac","64-bit",0,"Casual","13.3",1,"No","No",859.9,929,7,4.7,6725,629
"APPLE","MacBook","M1","M1","10th","8 GB GB","DDR4","256 GB","0 GB","Mac","64-bit",0,"Casual","13.3",1,"No","No",1129.9,1229,8,4.8,640,70
"APPLE","MacBook","M1","M1","10th","16 GB GB","DDR4","256 GB","0 GB","Mac","64-bit",0,"Casual","13.3",1,"No","No",1049.9,1129,7,4.7,45,4
"APPLE","MacBook","M1","M1","10th","8 GB GB","DDR4","256 GB","0 GB","Mac","64-bit",0,"Casual","13.3",1,"No","No",1129.9,1229,8,4.8,640,70
"APPLE","MacBook","M1","M1","10th","16 GB GB","DDR4","256 GB","0 GB","Mac","64-bit",0,"Casual","13.3",1,"No","No",1329.9,1499,11,4.8,640,70
"APPLE","MacBook","M1","M1","10th","16 GB GB","DDR4","256 GB","0 GB","Mac","64-bit",0,"Casual","13.3",1,"No","No",1049.9,1129,7,4.7,45,4
"APPLE","MacBook","M1","M1","10th","8 GB GB","DDR4","256 GB","0 GB","Mac","64-bit",0,"Casual","13.3",1,"No","No",859.9,929,7,4.7,6725,629
"APPLE","MacBook","M1","M1","10th","16 GB GB","DDR4","512 GB","0 GB","Mac","64-bit",0,"Casual","13.3",1,"No","No",1499.9,1639,8,4.8,640,70
"APPLE","MacBook","M1","M1","10th","8 GB GB","DDR4","512 GB","0 GB","Mac","64-bit",0,"Casual","13.3",1,"No","No",1259.9,1429,11,4.6,399,45
"APPLE","MacBook","M1","M1","10th","8 GB GB","DDR4","512 GB","0 GB","Mac","64-bit",0,"Casual","13.3",1,"No","No",1039.9,1179,11,4.7,809,91
"APPLE","MacBook","M1","M1","10th","8 GB GB","DDR4","512 GB","0 GB","Mac","64-bit",0,"Casual","13.3",1,"No","No",1019.9,1179,13,4.7,809,91
"APPLE","MacBook","M1","M1","10th","8 GB GB","DDR4","512 GB","0 GB","Mac","64-bit",0,"Casual","13.3",1,"No","No",1049.9,1109,5,4.7,6725,629
"APPLE","MacBook","M1","M1","10th","8 GB GB","DDR4","512 GB","0 GB","Mac","64-bit",0,"Casual","13.3",1,"No","No",1319.9,1429,7,4.6,399,45
"APPLE","MacBook","M1","M1","10th","16 GB GB","DDR4","512 GB","0 GB","Mac","64-bit",0,"Casual","13.3",1,"No","No",1289.9,1379,6,4.7,45,4
"APPLE","MacBook","M1","M1","10th","16 GB GB","DDR4","512 GB","0 GB","Mac","64-bit",0,"Casual","14.2",1,"No","No",1849.9,1949,5,4.8,42,8
"APPLE","MacBook","M1","M1","10th","16 GB GB","DDR4","512 GB","0 GB","Mac","64-bit",0,"Casual","16.2",1,"No","No",2259.9,2399,5,4.8,42,8
"APPLE","MacBook","M1","M1","10th","4 GB GB","DDR4","512 GB","0 GB","Mac","64-bit",0,"Casual","16",1,"No","No",1249.9,1329,5,4.7,45,4
"APPLE","MacBook","M1","M1","10th","8 GB GB","DDR4","512 GB","0 GB","Mac","64-bit",0,"Casual","13.3",1,"No","No",1049.9,1109,5,4.7,6725,629
"APPLE","MacBook","M1","M1","10th","8 GB GB","DDR4","1024 GB","0 GB","Mac","64-bit",0,"Casual","13.3",1,"No","No",1499.9,1639,8,4.8,640,70
"APPLE","MacBook","M1","M1","10th","16 GB GB","DDR4","1024 GB","0 GB","Mac","64-bit",0,"Casual","13.3",1,"No","No",1699.9,1839,7,4.8,640,70
"APPLE","MacBook","M1","M1","10th","16 GB GB","DDR4","1024 GB","0 GB","Mac","64-bit",0,"Casual","14.2",1,"No","No",2259.9,2399,5,4.8,42,8
"APPLE","MacBook","M1","M1","10th","16 GB GB","DDR4","1024 GB","0 GB","Mac","64-bit",0,"Casual","16.2",1,"No","No",2439.9,2599,6,4.8,42,8
"APPLE","MacBook","M1","M1","10th","32 GB GB","DDR4","1024 GB","0 GB","Mac","64-bit",0,"Casual","16.2",1,"No","No",3099.9,3299,6,5,3,1
"APPLE","MacBook","M1","M1","10th","16 GB GB","DDR4","1024 GB","0 GB","Mac","64-bit",0,"Casual","14.2",1,"No","No",2259.9,2399,5,4.8,42,8
"DELL","G7","Intel","GeForce RTX","10th","8 GB GB","LPDDR4","0 GB","512 GB","DOS","32-bit",8,"Casual","15.6",0,"No","No",1799.9,2272.5,20,4.5,17,2
"iball","CompBook","Intel","Pentium Quad","Missing","4 GB GB","DDR3","0 GB","512 GB","Windows","64-bit",0,"Casual","Missing",0,"No","No",139.9,199.99,30,3.8,1218,209
"HP","Pentium","Intel","Pentium Quad","Missing","8 GB GB","DDR4","256 GB","0 GB","Windows","64-bit",0,"ThinNlight","14",1,"No","Yes",329.9,368.65,10,4.1,77,9
"acer","Extensa","Intel","Pentium Quad","Missing","4 GB GB","DDR4","256 GB","0 GB","Windows","64-bit",0,"Casual","Missing",1,"No","No",309.9,349.9,11,4.2,465,89
"DELL","Inspiron","Intel","Pentium Quad","Missing","4 GB GB","DDR4","256 GB","0 GB","Windows","64-bit",0,"ThinNlight","Missing",1,"No","No",360,430,16,4.3,102,16
"ASUS","VivoBook","Intel","Pentium Quad","Missing","4 GB GB","DDR4","256 GB","0 GB","Windows","64-bit",0,"ThinNlight","Missing",1,"No","Yes",329.9,399.9,17,4.3,7,1
"ASUS","Pentium","Intel","Pentium Quad","Missing","4 GB GB","DDR4","0 GB","1024 GB","Windows","64-bit",0,"Casual","15.6",1,"No","No",259.9,401.08,35,3.7,4741,658
"ASUS","Pentium","Intel","Pentium Quad","Missing","4 GB GB","DDR4","0 GB","1024 GB","Windows","64-bit",0,"Casual","15.6",1,"No","No",259.9,309.9,16,3.8,2736,350
"ASUS","VivoBook","Intel","Pentium Silver","Missing","4 GB GB","DDR4","256 GB","0 GB","Windows","64-bit",0,"ThinNlight","14",0,"No","No",299.9,389.9,23,4,36,3
"Lenovo","Legion","Intel","Genuine Windows","10th","4 GB GB","DDR4","0 GB","512 GB","DOS","32-bit",4,"Casual","Missing",0,"No","No",778.9,1108.9,29,4.4,208,57
"HP","Ryzen","AMD","Ryzen 3","Missing","8 GB GB","DDR4","256 GB","0 GB","Windows","64-bit",0,"ThinNlight","15.6",1,"No","No",379.9,460.55,17,4.3,2214,241
"ASUS","Ryzen","AMD","Ryzen 3","Missing","8 GB GB","DDR4","256 GB","0 GB","Windows","64-bit",0,"ThinNlight","15.6",1,"No","No",359.9,469.9,23,4.3,2886,375
"DELL","Inspiron","AMD","Ryzen 3","Missing","8 GB GB","DDR4","256 GB","0 GB","Windows","64-bit",0,"ThinNlight","15.6",0,"No","No",394.9,497.14,20,4.3,34,4
"DELL","Inspiron","AMD","Ryzen 3","Missing","8 GB GB","DDR4","256 GB","0 GB","Windows","64-bit",0,"ThinNlight","14.96",0,"No","No",369.9,505.86,26,4.2,137,15
"ASUS","Ryzen","AMD","Ryzen 3","Missing","4 GB GB","DDR4","256 GB","0 GB","Windows","64-bit",0,"ThinNlight","15.6",1,"No","No",336.9,379.9,11,4.2,170,26
"ASUS","VivoBook","AMD","Ryzen 3","Missing","4 GB GB","DDR4","256 GB","0 GB","Windows","64-bit",0,"Casual","Missing",1,"No","No",379.9,469.9,19,4.2,39,3
"ASUS","VivoBook","AMD","Ryzen 3","Missing","4 GB GB","DDR4","256 GB","0 GB","Windows","64-bit",0,"ThinNlight","Missing",1,"No","Yes",345,429.9,19,4.3,2886,375
"acer","Aspire","AMD","Ryzen 3","Missing","8 GB GB","DDR4","512 GB","0 GB","Windows","64-bit",0,"Casual","15.6",1,"No","No",369.9,449.99,17,4.6,11,2
"HP","Ryzen","AMD","Ryzen 3","Missing","8 GB GB","DDR4","512 GB","0 GB","Windows","64-bit",0,"ThinNlight","14",0,"No","No",434.9,529.9,17,4.6,163,33
"HP","Ryzen","AMD","Ryzen 3","Missing","8 GB GB","DDR4","512 GB","0 GB","Windows","64-bit",0,"ThinNlight","15.6",1,"No","Yes",414.9,517.48,19,4.2,153,21
"HP","15s","AMD","Ryzen 3","Missing","4 GB GB","DDR4","512 GB","0 GB","Windows","64-bit",0,"ThinNlight","Missing",1,"No","Yes",444.9,490,9,4.3,267,42
"DELL","Vostro","AMD","Ryzen 3","Missing","8 GB GB","DDR4","0 GB","1024 GB","Windows","64-bit",0,"ThinNlight","14",1,"No","Yes",359.9,506.51,28,4.1,59,12
"HP","15s","AMD","Ryzen 3","Missing","8 GB GB","DDR4","0 GB","1024 GB","Windows","64-bit",0,"ThinNlight","15.6",1,"No","Yes",394.9,409.57,3,4.2,7291,895
"DELL","Inspiron","AMD","Ryzen 3","Missing","8 GB GB","DDR4","0 GB","1024 GB","Windows","64-bit",0,"ThinNlight","15.6",0,"No","No",373.9,501.49,25,4.2,38,5
"DELL","Inspiron","AMD","Ryzen 3","Missing","4 GB GB","DDR4","0 GB","1024 GB","Windows","64-bit",0,"Casual","Missing",1,"No","Yes",399.9,496.13,19,4.1,409,39
"Lenovo","Ryzen","AMD","Ryzen 3","Missing","4 GB GB","DDR4","0 GB","1024 GB","Windows","64-bit",0,"Casual","15.6",0,"No","No",349.9,369.23,5,3.3,38,6
"DELL","Inspiron","AMD","Ryzen 3","Missing","8 GB GB","DDR4","0 GB","1024 GB","Windows","64-bit",0,"ThinNlight","14.96",0,"No","No",399.9,515.74,22,3.1,18,4
"HP","15s","AMD","Ryzen 3","Missing","8 GB GB","DDR4","256 GB","1024 GB","Windows","64-bit",0,"Casual","15.6",1,"No","Yes",419.99,482.94,13,4.3,3524,432
"HP","Chromebook","MediaTek","MediaTek Kompanio","10th","4 GB GB","DDR4","0 GB","512 GB","DOS","32-bit",0,"Casual","Missing",0,"No","No",229.9,266.63,13,3.8,4623,553
"HP","Chromebook","MediaTek","MediaTek Kompanio","10th","4 GB GB","LPDDR4X","0 GB","512 GB","DOS","32-bit",0,"Casual","Missing",0,"No","No",224.9,248.45,9,3.8,4623,553
"HP","Chromebook","MediaTek","MediaTek Kompanio","10th","4 GB GB","LPDDR4X","0 GB","512 GB","DOS","32-bit",0,"Casual","Missing",0,"No","No",229.9,248.45,7,3.8,4623,553
"DELL","Vostro","AMD","Ryzen 5","Missing","8 GB GB","DDR4","256 GB","0 GB","Windows","64-bit",0,"Casual","14",1,"No","Yes",419.9,595.8,29,4.3,939,107
"DELL","Inspiron","AMD","Ryzen 5","Missing","8 GB GB","DDR4","256 GB","0 GB","Windows","64-bit",0,"ThinNlight","15.6",1,"No","No",444.9,581.94,23,4.2,14,1
"DELL","Inspiron","AMD","Ryzen 5","Missing","8 GB GB","DDR4","256 GB","0 GB","Windows","64-bit",0,"Casual","15.6",1,"No","Yes",419.9,496.13,15,4.4,649,84
"DELL","Vostro","AMD","Ryzen 5","Missing","8 GB GB","DDR4","256 GB","0 GB","Windows","64-bit",0,"ThinNlight","14",1,"No","Yes",444.9,582.86,23,4.3,8,2
"DELL","Inspiron","AMD","Ryzen 5","Missing","4 GB GB","DDR4","256 GB","0 GB","Windows","64-bit",0,"ThinNlight","Missing",1,"No","No",443.9,565.73,21,4,276,24
"HP","Pavilion","AMD","Ryzen 5","Missing","8 GB GB","DDR4","512 GB","0 GB","Windows","64-bit",4,"Casual","15.6",1,"No","No",579.9,701.72,17,4.5,4740,532
"Lenovo","IdeaPad","AMD","Ryzen 5","Missing","8 GB GB","DDR4","512 GB","0 GB","Windows","64-bit",4,"Gaming","15.6",1,"No","Yes",569.9,838.9,32,4.5,162,15
"Lenovo","IdeaPad","AMD","Ryzen 5","Missing","8 GB GB","DDR4","512 GB","0 GB","Windows","64-bit",0,"ThinNlight","15.6",1,"No","No",489.9,689.9,28,4.4,219,27
"HP","Ryzen","AMD","Ryzen 5","Missing","8 GB GB","DDR4","512 GB","0 GB","Windows","64-bit",0,"ThinNlight","14",1,"No","Yes",499.7,598.08,16,4.5,193,28
"MSI","Modern","AMD","Ryzen 5","Missing","8 GB GB","DDR4","512 GB","0 GB","Windows","64-bit",0,"Casual","14",0,"No","No",479.9,619.9,22,4.6,562,89
"HP","Ryzen","AMD","Ryzen 5","Missing","8 GB GB","DDR4","512 GB","0 GB","Windows","64-bit",0,"ThinNlight","15.6",1,"No","Yes",489.9,609.59,19,4.4,45,5
"Lenovo","IdeaPad","AMD","Ryzen 5","Missing","8 GB GB","DDR4","512 GB","0 GB","Windows","64-bit",0,"Casual","15.6",1,"No","Yes",529.9,782.9,32,4.2,39,5
"Lenovo","Ideapad","AMD","Ryzen 5","Missing","8 GB GB","DDR4","512 GB","0 GB","Windows","64-bit",4,"Gaming","15.6",0,"No","No",594.9,894.9,33,4.5,92,10
"MSI","Bravo","AMD","Ryzen 5","Missing","8 GB GB","DDR4","512 GB","0 GB","Windows","64-bit",4,"Casual","15.6",0,"No","No",649.9,839.9,22,4.5,469,80
"DELL","Vostro","AMD","Ryzen 5","Missing","8 GB GB","DDR4","512 GB","0 GB","Windows","64-bit",0,"ThinNlight","14",0,"No","No",474.9,617.4,23,2.5,2,1
"HP","HP","AMD","Ryzen 5","Missing","8 GB GB","DDR4","512 GB","0 GB","Windows","64-bit",4,"Casual","15.6",1,"No","No",599.9,760.2,21,4.4,1978,188
"HP","15-ec1105AX","AMD","Ryzen 5","Missing","8 GB GB","DDR4","512 GB","0 GB","Windows","64-bit",4,"Casual","15.6",1,"No","No",589.9,701.72,15,4.5,1049,134
"DELL","Vostro","AMD","Ryzen 5","Missing","8 GB GB","DDR4","512 GB","0 GB","Windows","64-bit",0,"ThinNlight","14",1,"No","No",594.9,610.6,2,4.6,74,18
"HP","Pavilion","AMD","Ryzen 5","Missing","16 GB GB","DDR4","512 GB","0 GB","Windows","64-bit",0,"ThinNlight","15.6",1,"No","Yes",675,750.49,10,4.4,196,19
"HP","Ryzen","AMD","Ryzen 5","Missing","8 GB GB","DDR4","512 GB","0 GB","Windows","32-bit",0,"Casual","15.6",0,"No","No",489.9,609.59,19,4.6,17,1
"ASUS","VivoBook","AMD","Ryzen 5","Missing","8 GB GB","DDR4","512 GB","0 GB","Windows","64-bit",0,"Casual","14",1,"Yes","Yes",624.5,749.9,16,4.4,172,36
"ASUS","VivoBook","AMD","Ryzen 5","Missing","8 GB GB","DDR4","512 GB","0 GB","Windows","64-bit",0,"Casual","14",1,"No","No",589.9,739.9,20,4.4,324,34
"ASUS","APU","AMD","Quad","10th","4 GB GB","DDR4","0 GB","512 GB","DOS","32-bit",0,"Casual","Missing",0,"No","No",199.9,233.9,14,4,2887,476
"HP","Pavilion","AMD","Ryzen 5","Missing","8 GB GB","DDR4","512 GB","0 GB","Windows","64-bit",0,"ThinNlight","15.6",1,"No","Yes",579.99,704.19,17,4.5,86,15
"ASUS","VivoBook","AMD","Ryzen 5","Missing","16 GB GB","DDR4","512 GB","0 GB","Windows","64-bit",0,"Casual","15.6",0,"No","No",569.9,809.9,29,4.8,4,1
"HP","Pavilion","AMD","Ryzen 5","Missing","8 GB GB","DDR4","512 GB","0 GB","Windows","64-bit",4,"Casual","15.6",1,"No","Yes",729.9,877.17,16,4.7,16,4
"HP","Pavilion","AMD","Ryzen 5","Missing","16 GB GB","DDR4","512 GB","0 GB","Windows","64-bit",0,"Casual","13.3",1,"No","Yes",659.9,899.92,26,4.4,104,18
"HP","Pavilion","AMD","Ryzen 5","Missing","16 GB GB","DDR4","512 GB","0 GB","Windows","64-bit",2,"Casual","14",1,"No","Yes",639.9,748.39,14,4.2,90,13
"ASUS","Ryzen","AMD","Ryzen 5","Missing","8 GB GB","DDR4","512 GB","0 GB","Windows","32-bit",0,"ThinNlight","15.6",1,"No","Yes",498.9,699.9,28,4.7,6,1
"DELL","Inspiron","AMD","Ryzen 5","Missing","8 GB GB","DDR4","512 GB","0 GB","Windows","64-bit",0,"ThinNlight","15.6",1,"No","Yes",499.9,661.61,24,4.4,47,7
"HP","Envy","AMD","Ryzen 5","Missing","8 GB GB","DDR4","512 GB","0 GB","Windows","64-bit",0,"Casual","13.3",1,"Yes","Yes",739.99,888.4,16,4.6,206,27
"DELL","Inspiron","AMD","Ryzen 5","Missing","4 GB GB","DDR4","512 GB","0 GB","Windows","64-bit",0,"ThinNlight","Missing",1,"No","Yes",609.9,678.61,10,4.4,183,42
"DELL","G5","AMD","Ryzen 5","Missing","4 GB GB","DDR4","512 GB","0 GB","Windows","64-bit",6,"Casual","Missing",0,"No","No",761.9,809.96,5,4.4,358,64
"ASUS","VivoBook","AMD","Ryzen 5","Missing","4 GB GB","DDR4","512 GB","0 GB","Windows","64-bit",0,"Casual","Missing",1,"No","No",589.9,739.9,20,4.3,88,13
"HP","Pavilion","AMD","Ryzen 5","Missing","4 GB GB","DDR4","512 GB","0 GB","Windows","64-bit",0,"ThinNlight","Missing",1,"No","Yes",550.9,679.31,18,4.4,364,52
"acer","Aspire","AMD","Ryzen 5","Missing","4 GB GB","DDR4","512 GB","0 GB","Windows","64-bit",0,"Casual","Missing",1,"No","No",449.9,569.9,21,4.4,313,39
"HP","15s","AMD","Ryzen 5","Missing","4 GB GB","DDR4","512 GB","0 GB","Windows","64-bit",0,"ThinNlight","Missing",1,"No","Yes",534.9,599.9,10,4.4,826,118
"MSI","Modern","AMD","Ryzen 5","Missing","4 GB GB","DDR4","512 GB","0 GB","Windows","64-bit",0,"Casual","Missing",0,"No","No",549.9,699.9,21,4.4,1410,203
"acer","Aspire","AMD","Ryzen 5","Missing","4 GB GB","DDR4","512 GB","0 GB","Windows","64-bit",0,"Casual","Missing",1,"No","No",499.9,729.9,31,4.4,47,6
"acer","Aspire","AMD","Ryzen 5","Missing","4 GB GB","DDR4","512 GB","0 GB","Windows","64-bit",0,"ThinNlight","Missing",1,"No","No",499.9,649.9,23,4.5,6,1
"HP","14s","AMD","Ryzen 5","Missing","4 GB GB","DDR4","512 GB","0 GB","Windows","64-bit",0,"ThinNlight","Missing",1,"No","Yes",525,600,12,4.3,741,67
"Vaio","E","AMD","Ryzen 5","Missing","4 GB GB","DDR4","512 GB","0 GB","Windows","64-bit",0,"ThinNlight","Missing",2,"No","Yes",495.9,669.9,25,4.1,700,144
"ASUS","Ryzen","AMD","Ryzen 5","Missing","4 GB GB","DDR4","512 GB","0 GB","Windows","64-bit",0,"ThinNlight","Missing",1,"No","Yes",499.9,649.9,23,4.5,14,2
"HP","15s","AMD","Ryzen 5","Missing","4 GB GB","DDR4","512 GB","0 GB","Windows","64-bit",0,"ThinNlight","Missing",1,"No","Yes",545.9,599.9,9,4.4,349,69
"HP","Ryzen","AMD","Ryzen 5","Missing","8 GB GB","DDR4","512 GB","0 GB","Windows","64-bit",0,"ThinNlight","15.6",1,"No","Yes",518.9,586.57,11,4.3,519,48
"Vaio","E","AMD","Ryzen 5","Missing","8 GB GB","DDR4","512 GB","0 GB","Windows","64-bit",0,"ThinNlight","15.6",2,"No","Yes",509.9,669.9,23,4.1,700,144
"HP","Pavilion","AMD","Ryzen 5","Missing","16 GB GB","DDR4","512 GB","0 GB","Windows","64-bit",0,"ThinNlight","14",1,"No","Yes",599.99,748.39,19,4.1,19,1
"HP","Pavilion","AMD","Ryzen 5","Missing","8 GB GB","DDR4","512 GB","0 GB","Windows","64-bit",4,"Gaming","15.6",1,"No","Yes",649.9,699.9,7,3.8,8,1
"DELL","Ryzen","AMD","Ryzen 5","Missing","4 GB GB","DDR4","1024 GB","0 GB","Windows","32-bit",0,"Casual","Missing",0,"No","No",579,789,26,4.7,3,1
"HP","Pavilion","AMD","Ryzen 5","Missing","4 GB GB","DDR4","0 GB","1024 GB","Windows","64-bit",4,"Gaming","Missing",1,"No","No",599.9,681.92,12,4.1,1480,151
"DELL","Inspiron","AMD","Ryzen 5","Missing","8 GB GB","DDR4","256 GB","1024 GB","Windows","64-bit",0,"Casual","15.6",0,"No","No",494.9,663.96,25,4,31,3
"ASUS","VivoBook","AMD","Ryzen 5","Missing","8 GB GB","DDR4","256 GB","1024 GB","Windows","64-bit",0,"Casual","15.6",1,"No","No",549.9,789.9,30,4.5,18,3
"Lenovo","Legion","AMD","Ryzen 5","Missing","8 GB GB","DDR4","256 GB","1024 GB","Windows","64-bit",4,"Casual","15.6",0,"No","No",685,908.9,24,4.5,271,24
"ASUS","VivoBook","AMD","Ryzen 5","Missing","8 GB GB","DDR4","256 GB","1024 GB","Windows","64-bit",0,"Casual","15.6",1,"No","No",549.9,789.9,30,4.6,49,6
"ASUS","VivoBook","AMD","Ryzen 5","Missing","8 GB GB","DDR4","256 GB","1024 GB","Windows","32-bit",0,"Casual","15.6",1,"No","Yes",549.9,789.9,30,4.4,474,65
"Lenovo","Ideapad","AMD","Ryzen 5","Missing","8 GB GB","DDR4","256 GB","1024 GB","Windows","64-bit",0,"Gaming","15.6",1,"No","Yes",639.9,852.9,24,4.5,861,116
"HP","Pavilion","AMD","Ryzen 5","Missing","4 GB GB","DDR4","256 GB","1024 GB","Windows","64-bit",4,"Gaming","Missing",1,"No","No",800,830.85,3,4.6,34,6
"ASUS","VivoBook","AMD","Ryzen 5","Missing","4 GB GB","DDR4","256 GB","1024 GB","Windows","64-bit",0,"Casual","Missing",1,"No","Yes",629.9,749.9,16,4.2,165,34
"HP","Ryzen","AMD","Ryzen 5","Missing","4 GB GB","DDR4","256 GB","1024 GB","Windows","64-bit",0,"ThinNlight","Missing",1,"No","No",529.9,573.31,7,4.4,698,74
"ASUS","ASUS","AMD","Ryzen 7","Missing","16 GB GB","DDR4","512 GB","0 GB","Windows","32-bit",4,"Gaming","17.3",0,"No","No",769.9,1069.9,28,4.8,22,3
"ASUS","ROG","AMD","Ryzen 7","Missing","8 GB GB","DDR4","512 GB","0 GB","Windows","64-bit",4,"Casual","15.6",0,"No","No",719.9,909.9,20,4.5,144,16
"ASUS","ROG","AMD","Ryzen 7","Missing","8 GB GB","DDR4","512 GB","0 GB","Windows","64-bit",4,"Casual","15.6",0,"No","No",719.9,909.9,20,4.5,1810,235
"Lenovo","Lenovo","AMD","Ryzen 7","Missing","16 GB GB","DDR4","512 GB","0 GB","Windows","64-bit",4,"Casual","15.6",1,"No","Yes",999.9,1384.9,27,4.6,26,1
"ASUS","ASUS","AMD","Ryzen 7","Missing","16 GB GB","DDR4","512 GB","0 GB","Windows","64-bit",4,"Gaming","17.3",0,"No","No",829.9,1079.9,23,4.6,1067,145
"ASUS","VivoBook","AMD","Ryzen 7","Missing","4 GB GB","DDR4","512 GB","0 GB","Windows","64-bit",0,"Casual","16",1,"No","No",929.9,1299.9,28,4.7,25,4
"HP","Pavilion","AMD","Ryzen 7","Missing","4 GB GB","DDR4","512 GB","0 GB","Windows","64-bit",4,"Casual","16",1,"No","No",909.9,1032.15,11,4.6,273,40
"Vaio","E","AMD","Ryzen 7","Missing","4 GB GB","DDR4","512 GB","0 GB","Windows","64-bit",0,"ThinNlight","Missing",2,"No","Yes",569.9,760.9,25,3.8,139,26
"ASUS","VivoBook","AMD","Ryzen 7","Missing","4 GB GB","DDR4","512 GB","0 GB","Windows","64-bit",0,"Casual","Missing",1,"No","No",639.9,675.51,5,4.2,77,7
"Lenovo","Ideapad","AMD","Ryzen 7","Missing","4 GB GB","DDR4","512 GB","0 GB","Windows","64-bit",0,"Casual","Missing",1,"No","Yes",639.9,852.9,24,4.4,105,10
"HP","Ryzen","AMD","Ryzen 7","Missing","4 GB GB","DDR4","512 GB","0 GB","Windows","64-bit",0,"ThinNlight","Missing",1,"No","Yes",579.99,736.25,21,4.1,44,5
"DELL","G5","AMD","Ryzen 7","Missing","4 GB GB","DDR4","512 GB","0 GB","Windows","64-bit",6,"Casual","16",0,"No","No",899.9,990.67,9,4.1,191,27
"Lenovo","Ryzen","AMD","Ryzen 7","Missing","4 GB GB","DDR4","512 GB","0 GB","Windows","64-bit",4,"Casual","16",0,"No","No",731.38,1129.9,35,3,4,1
"HP","15s","AMD","Ryzen 7","Missing","4 GB GB","DDR4","512 GB","0 GB","Windows","64-bit",0,"ThinNlight","Missing",1,"No","Yes",685,720,4,4.5,134,22
"Vaio","E","AMD","Ryzen 7","Missing","8 GB GB","DDR4","512 GB","0 GB","Windows","64-bit",0,"ThinNlight","15.6",2,"No","Yes",579.9,760.9,23,3.8,139,26
"HP","Pavilion","AMD","Ryzen 7","Missing","16 GB GB","DDR4","512 GB","0 GB","Windows","64-bit",2,"Casual","14",1,"No","Yes",799.9,863.52,7,3.5,23,6
"HP","Pavilion","AMD","Ryzen 7","Missing","16 GB GB","DDR4","512 GB","0 GB","Windows","64-bit",4,"Gaming","15.6",1,"No","Yes",849.9,1111.08,23,2.8,4,2
"MSI","Alpha","AMD","Ryzen 7","Missing","16 GB GB","DDR4","1024 GB","0 GB","Windows","64-bit",8,"Casual","15.6",1,"No","No",999.9,1459.9,31,4.7,108,24
"ASUS","ROG","AMD","Ryzen 7","Missing","8 GB GB","LPDDR4X","1024 GB","0 GB","Windows","64-bit",4,"Casual","14",0,"No","No",729.9,1239.9,41,4.6,198,24
"ASUS","TUF","AMD","Ryzen 7","Missing","4 GB GB","DDR4","1024 GB","0 GB","Windows","32-bit",4,"Gaming","Missing",0,"No","No",959.9,1059.9,9,4.7,57,3
"HP","OMEN","AMD","Ryzen 7","Missing","4 GB GB","DDR4","1024 GB","0 GB","Windows","64-bit",8,"Casual","16",1,"No","No",1599.9,1863.48,14,4.8,17,2
"ASUS","ROG","AMD","Ryzen 7","Missing","4 GB GB","DDR4","1024 GB","0 GB","Windows","64-bit",0,"Casual","Missing",1,"No","Yes",760,1269.9,40,5,1,1
"ASUS","ROG","AMD","Ryzen 7","Missing","4 GB GB","LPDDR4X","1024 GB","0 GB","Windows","64-bit",4,"Casual","16",1,"Yes","No",999.9,1629.9,38,4.4,77,15
"ASUS","Ryzen","AMD","Ryzen 7","Missing","16 GB GB","LPDDR4X","1024 GB","0 GB","Windows","64-bit",0,"ThinNlight","13.3",1,"No","Yes",849.7,1109.9,23,3,2,1
"HP","Pavilion","AMD","Ryzen 7","Missing","16 GB GB","DDR4","256 GB","1024 GB","Windows","64-bit",4,"Gaming","15.6",1,"No","Yes",759.9,935.64,18,4.5,1084,123
"acer","Nitro","AMD","Ryzen 7","Missing","16 GB GB","DDR4","256 GB","1024 GB","Windows","64-bit",6,"Casual","15.6",1,"No","No",899.9,1199.9,25,4.4,272,36
"acer","Nitro","AMD","Ryzen 7","Missing","16 GB GB","DDR4","256 GB","1024 GB","Windows","64-bit",4,"Casual","15.6",0,"No","No",819.9,1199,31,4.5,141,24
"ASUS","ROG","AMD","Ryzen 9","Missing","16 GB GB","DDR4","1024 GB","0 GB","Windows","32-bit",0,"Casual","15.6",1,"No","No",1549.9,2079.9,25,4.6,194,42
"ASUS","ROG","AMD","Ryzen 9","Missing","16 GB GB","DDR4","1024 GB","0 GB","Windows","64-bit",8,"Casual","15.6",1,"No","Yes",1999.9,2599.9,23,4.7,9,2
"ASUS","ROG","AMD","Ryzen 9","Missing","16 GB GB","DDR4","1024 GB","0 GB","Windows","64-bit",4,"Casual","15.6",0,"No","No",1149.9,1629.9,29,4.6,28,4
"ASUS","ROG","AMD","Ryzen 9","Missing","16 GB GB","DDR4","1024 GB","0 GB","Windows","64-bit",6,"Casual","15.6",1,"No","Yes",1299.9,1879.9,30,4.3,204,35
"ASUS","ROG","AMD","Ryzen 9","Missing","16 GB GB","LPDDR4X","1024 GB","0 GB","Windows","64-bit",4,"Casual","13.4",1,"Yes","Yes",1149.9,1759.9,34,4.3,32,6
"ASUS","VivoBook","AMD","Ryzen 9","Missing","4 GB GB","DDR4","1024 GB","0 GB","Windows","64-bit",0,"Casual","16",1,"No","No",1049.9,1429.9,26,4.5,14,2
"ASUS","ROG","AMD","Ryzen 9","Missing","4 GB GB","LPDDR4X","1024 GB","0 GB","Windows","64-bit",4,"Casual","16",1,"Yes","No",1149.9,1819.9,36,4.7,14,1
"ASUS","ROG","AMD","Ryzen 9","Missing","4 GB GB","LPDDR4X","1024 GB","0 GB","Windows","64-bit",4,"Casual","Missing",1,"Yes","Yes",1429.9,2019.9,29,4,4,1
"ASUS","ROG","AMD","Ryzen 9","Missing","4 GB GB","LPDDR4X","1024 GB","0 GB","Windows","64-bit",4,"Casual","Missing",1,"Yes","Yes",1249.9,1949.9,35,4.2,44,12
"ASUS","ROG","AMD","Ryzen 9","Missing","4 GB GB","DDR4","1024 GB","0 GB","Windows","64-bit",6,"Casual","16",0,"No","No",1419.9,1899.9,25,4.2,61,13
"Lenovo","Thinkpad","AMD","Ryzen 5","10th","8 GB GB","DDR4","512 GB","0 GB","DOS","64-bit",0,"ThinNlight","14",0,"No","No",574.9,784,26,4.2,18,4
